# Check configuration tokens
# In section [app]: android.bootstrap is deprecated, rename to p4a.bootstrap!
# Ensure build layout
# Check configuration tokens
# Preparing build
# Check requirements for android
# Search for Git (git)
#  -> found at /usr/bin/git
# Search for Cython (cython)
#  -> found at /home/admin/.local/bin/cython
# Search for Java compiler (javac)
#  -> found at /usr/lib/jvm/java-11-openjdk-amd64/bin/javac
# Search for Java keytool (keytool)
#  -> found at /usr/lib/jvm/java-11-openjdk-amd64/bin/keytool
# Install platform
# Run ['/usr/bin/python3', '-m', 'pip', 'install', '-q', '--user', 'appdirs', 'colorama>=0.3.3', 'jinja2', 'sh>=1.10, <2.0; sys_platform!="win32"', 'build', 'toml', 'packaging', 'setuptools']
# Cwd None
# Apache ANT found at /home/admin/.buildozer/android/platform/apache-ant-1.9.4
# Android SDK found at /home/admin/.buildozer/android/platform/android-sdk
# Recommended android's NDK version by p4a is: 25b
# Android NDK found at /home/admin/.buildozer/android/platform/android-ndk-r25b
# Run ['/usr/bin/python3', '-m', 'pythonforandroid.toolchain', 'aab', '-h', '--color=always', '--storage-dir=/home/admin/openclaw/workspace/loan-assistant/.buildozer/android/platform/build-arm64-v8a_armeabi-v7a', '--ndk-api=24', '--ignore-setup-py', '--debug']
# Cwd /home/admin/openclaw/workspace/loan-assistant/.buildozer/android/platform/python-for-android
[WARNING]: prerequisites.py is experimental and does not support all prerequisites yet.
[WARNING]: Please report any issues to the python-for-android issue tracker.
[WARNING]: prerequisites.py is experimental and does not support all prerequisites yet.
[WARNING]: Please report any issues to the python-for-android issue tracker.
usage: toolchain.py aab [-h] [--debug] [--color {always,never,auto}]
                        [--sdk-dir SDK_DIR] [--ndk-dir NDK_DIR]
                        [--android-api ANDROID_API]
                        [--ndk-version NDK_VERSION] [--ndk-api NDK_API]
                        [--symlink-bootstrap-files]
                        [--storage-dir STORAGE_DIR] [--arch ARCH]
                        [--dist-name DIST_NAME] [--requirements REQUIREMENTS]
                        [--recipe-blacklist RECIPE_BLACKLIST]
                        [--blacklist-requirements BLACKLIST_REQUIREMENTS]
                        [--bootstrap BOOTSTRAP] [--hook HOOK] [--force-build]
                        [--no-force-build] [--require-perfect-match]
                        [--no-require-perfect-match] [--allow-replace-dist]
                        [--no-allow-replace-dist]
                        [--local-recipes LOCAL_RECIPES]
                        [--activity-class-name ACTIVITY_CLASS_NAME]
                        [--service-class-name SERVICE_CLASS_NAME]
                        [--java-build-tool {auto,ant,gradle}] [--copy-libs]
                        [--no-copy-libs] [--add-asset ASSETS]
                        [--add-resource RESOURCES] [--private PRIVATE]
                        [--use-setup-py] [--ignore-setup-py] [--release]
                        [--with-debug-symbols] [--keystore KEYSTORE]
                        [--signkey SIGNKEY] [--keystorepw KEYSTOREPW]
                        [--signkeypw SIGNKEYPW]

options:
  -h, --help            show this help message and exit
  --debug               Display debug output and all build info
  --color {always,never,auto}
                        Enable or disable color output (default enabled on
                        tty)
  --sdk-dir SDK_DIR, --sdk_dir SDK_DIR
                        The filepath where the Android SDK is installed
  --ndk-dir NDK_DIR, --ndk_dir NDK_DIR
                        The filepath where the Android NDK is installed
  --android-api ANDROID_API, --android_api ANDROID_API
                        The Android API level to build against defaults to 33
                        if not specified.
  --ndk-version NDK_VERSION, --ndk_version NDK_VERSION
                        DEPRECATED: the NDK version is now found automatically
                        or not at all.
  --ndk-api NDK_API     The Android API level to compile against. This should
                        be your *minimal supported* API, not normally the same
                        as your --android-api. Defaults to min(ANDROID_API,
                        21) if not specified.
  --symlink-bootstrap-files, --ssymlink_bootstrap_files
                        If True, symlinks the bootstrap files creation. This
                        is useful for development only, it could also cause
                        weird problems.
  --storage-dir STORAGE_DIR
                        Primary storage directory for downloads and builds
                        (default: /home/admin/.local/share/python-for-android)
  --arch ARCH           The archs to build for.
  --dist-name DIST_NAME, --dist_name DIST_NAME
                        The name of the distribution to use or create
  --requirements REQUIREMENTS
                        Dependencies of your app, should be recipe names or
                        Python modules. NOT NECESSARY if you are using Python
                        3 with --use-setup-py
  --recipe-blacklist RECIPE_BLACKLIST
                        Blacklist an internal recipe from use. Allows
                        disabling Python 3 core modules to save size
  --blacklist-requirements BLACKLIST_REQUIREMENTS
                        Blacklist an internal recipe from use. Allows
                        disabling Python 3 core modules to save size
  --bootstrap BOOTSTRAP
                        The bootstrap to build with. Leave unset to choose
                        automatically.
  --hook HOOK           Filename to a module that contains python-for-android
                        hooks
  --local-recipes LOCAL_RECIPES, --local_recipes LOCAL_RECIPES
                        Directory to look for local recipes
  --activity-class-name ACTIVITY_CLASS_NAME
                        The full java class name of the main activity
  --service-class-name SERVICE_CLASS_NAME
                        Full java package name of the PythonService class
  --java-build-tool {auto,ant,gradle}
                        The java build tool to use when packaging the APK,
                        defaults to automatically selecting an appropriate
                        tool.
  --add-asset ASSETS    Put this in the assets folder in the apk.
  --add-resource RESOURCES
                        Put this in the res folder in the apk.
  --private PRIVATE     the directory with the app source code files
                        (containing your main.py entrypoint)
  --use-setup-py        Process the setup.py of a project if present.
                        (Experimental!
  --ignore-setup-py     Don't run the setup.py of a project if present. This
                        may be required if the setup.py is not designed to
                        work inside p4a (e.g. by installing dependencies that
                        won't work or aren't desired on Android
  --release             Build your app as a non-debug release build. (Disables
                        gdb debugging among other things)
  --with-debug-symbols  Will keep debug symbols from `.so` files.
  --keystore KEYSTORE   Keystore for JAR signing key, will use jarsigner
                        default if not specified (release build only)
  --signkey SIGNKEY     Key alias to sign PARSER_APK. with (release build
                        only)
  --keystorepw KEYSTOREPW
                        Password for keystore
  --signkeypw SIGNKEYPW
                        Password for key alias

  Whether to force compilation of a new distribution

  --force-build
  --no-force-build      (this is the default)
  --require-perfect-match
  --no-require-perfect-match
                        (this is the default)
  --allow-replace-dist  (this is the default)
  --no-allow-replace-dist
  --copy-libs
  --no-copy-libs        (this is the default)
# Check application requirements
# Compile platform
# Run ['/usr/bin/python3', '-m', 'pythonforandroid.toolchain', 'create', '--dist_name=loanassistant', '--bootstrap=sdl2', '--requirements=python3,requests,beautifulsoup4,schedule,aiohttp,sqlite3,kivy,pyjnius,sdl2', '--arch=arm64-v8a', '--arch=armeabi-v7a', '--copy-libs', '--color=always', '--storage-dir=/home/admin/openclaw/workspace/loan-assistant/.buildozer/android/platform/build-arm64-v8a_armeabi-v7a', '--ndk-api=24', '--ignore-setup-py', '--debug']
# Cwd /home/admin/openclaw/workspace/loan-assistant/.buildozer/android/platform/python-for-android
[WARNING]: prerequisites.py is experimental and does not support all prerequisites yet.
[WARNING]: Please report any issues to the python-for-android issue tracker.
[WARNING]: prerequisites.py is experimental and does not support all prerequisites yet.
[WARNING]: Please report any issues to the python-for-android issue tracker.
[1m[INFO][0m:    Will compile for the following archs: armeabi-v7a, arm64-v8a
[1m[INFO][0m:    Found Android API target in $ANDROIDAPI: 28
[1m[31m[WARNING][39m[0m: Target API 28 < 30
[1m[31m[WARNING][39m[0m: Target APIs lower than 30 are no longer supported on Google Play, and are not recommended. Note that the Target API can be higher than your device Android version, and should usually be as high as possible.
[1m[31m[WARNING][39m[0m: Target API 28 < 30
[1m[31m[WARNING][39m[0m: Target APIs lower than 30 are no longer supported on Google Play, and are not recommended. Note that the Target API can be higher than your device Android version, and should usually be as high as possible.
[1m[INFO][0m:    Available Android APIs are (28)
[1m[INFO][0m:    Requested API target 28 is available, continuing.
[1m[INFO][0m:    Found NDK dir in $ANDROIDNDK: /home/admin/.buildozer/android/platform/android-ndk-r25b
[1m[INFO][0m:    Found NDK version 25b
[1m[INFO][0m:    Getting NDK API version (i.e. minimum supported API) from user argument
[1m[INFO][0m:    ccache is missing, the build will not be optimized in the future.
[1m[90m[DEBUG][39m[0m:   All possible dists: []
[1m[90m[DEBUG][39m[0m:   Dist matching name and arch: []
[1m[90m[DEBUG][39m[0m:   Dist matching ndk_api and recipe: []
[1m[INFO][0m:    No existing dists meet the given requirements!
[1m[INFO][0m:    [1m[94mNo dist exists that meets your requirements, so one will be built.[0m
[1m[INFO][0m:    Found a single valid recipe set: ['beautifulsoup4', 'hostpython3', 'libffi', 'openssl', 'requests', 'schedule', 'sdl2_image', 'sdl2_mixer', 'sdl2_ttf', 'sqlite3', 'python3', 'sdl2', 'setuptools', 'aiohttp', 'six', 'pyjnius', 'android', 'kivy']
[1m[INFO][0m:    The selected bootstrap is sdl2
[1m[INFO][0m:    [1m[32m# Creating dist with sdl2 bootstrap[0m[39m
[1m[INFO][0m:    [1m[94mDist will have name loanassistant and requirements (python3, requests, beautifulsoup4, schedule, aiohttp, sqlite3, kivy, pyjnius, sdl2)[0m
[1m[INFO][0m:    Dist contains the following requirements as recipes: ['hostpython3', 'libffi', 'openssl', 'sdl2_image', 'sdl2_mixer', 'sdl2_ttf', 'sqlite3', 'python3', 'sdl2', 'setuptools', 'aiohttp', 'six', 'pyjnius', 'android', 'kivy']
[1m[INFO][0m:    Dist will also contain modules (certifi, schedule, urllib3, idna, requests, chardet, beautifulsoup4) installed from pip
[1m[INFO][0m:    Dist will be build in mode debug
[1m[INFO][0m:    [36m-> directory context /home/admin/openclaw/workspace/loan-assistant/.buildozer/android/platform/build-arm64-v8a_armeabi-v7a/build/bootstrap_builds/sdl2[39m
[1m[INFO][0m:    [36m<- directory context /home/admin/openclaw/workspace/loan-assistant/.buildozer/android/platform/python-for-android[39m
[1m[90m[DEBUG][39m[0m:   Create directory /home/admin/openclaw/workspace/loan-assistant/.buildozer/android/platform/build-arm64-v8a_armeabi-v7a/dists/loanassistant
[1m[INFO][0m:    [1m[94mRecipe build order is ['hostpython3', 'libffi', 'openssl', 'sdl2_image', 'sdl2_mixer', 'sdl2_ttf', 'sqlite3', 'python3', 'sdl2', 'setuptools', 'aiohttp', 'six', 'pyjnius', 'android', 'kivy'][0m
[1m[INFO][0m:    [1m[94mThe requirements (beautifulsoup4, certifi, chardet, idna, requests, schedule, urllib3) were not found as recipes, they will be installed with pip.[0m
[1m[INFO][0m:    [1m[32m# Downloading recipes [0m[39m
[1m[INFO][0m:    [1m[32mDownloading hostpython3[0m[39m
[1m[INFO][0m:    [36m-> directory context /home/admin/openclaw/workspace/loan-assistant/.buildozer/android/platform/build-arm64-v8a_armeabi-v7a/packages/hostpython3[39m
stty: 'standard input': Inappropriate ioctl for device
[1m[90m[DEBUG][39m[0m:   [90m->[0m running basename https://www.python.org/ftp/python/3.11.5/Python-3.11.5.tgz[0m
[1m[90m[DEBUG][39m[0m:   	Python-3.11.5.tgz
[1m[INFO][0m:    hostpython3 download already cached, skipping
[1m[INFO][0m:    [36m<- directory context /home/admin/openclaw/workspace/loan-assistant/.buildozer/android/platform/python-for-android[39m
[1m[INFO][0m:    [1m[32mDownloading libffi[0m[39m
[1m[INFO][0m:    [36m-> directory context /home/admin/openclaw/workspace/loan-assistant/.buildozer/android/platform/build-arm64-v8a_armeabi-v7a/packages/libffi[39m
stty: 'standard input': Inappropriate ioctl for device
[1m[90m[DEBUG][39m[0m:   [90m->[0m running basename https://github.com/libffi/libffi/archive/v3.4.2.tar.gz[0m
[1m[90m[DEBUG][39m[0m:   	v3.4.2.tar.gz
[1m[INFO][0m:    libffi download already cached, skipping
[1m[INFO][0m:    [36m<- directory context /home/admin/openclaw/workspace/loan-assistant/.buildozer/android/platform/python-for-android[39m
[1m[INFO][0m:    [1m[32mDownloading openssl[0m[39m
[1m[INFO][0m:    [36m-> directory context /home/admin/openclaw/workspace/loan-assistant/.buildozer/android/platform/build-arm64-v8a_armeabi-v7a/packages/openssl[39m
stty: 'standard input': Inappropriate ioctl for device
[1m[90m[DEBUG][39m[0m:   [90m->[0m running basename https://www.openssl.org/source/openssl-1.1.1w.tar.gz[0m
[1m[90m[DEBUG][39m[0m:   	openssl-1.1.1w.tar.gz
[1m[INFO][0m:    openssl download already cached, skipping
[1m[INFO][0m:    [36m<- directory context /home/admin/openclaw/workspace/loan-assistant/.buildozer/android/platform/python-for-android[39m
[1m[INFO][0m:    [1m[32mDownloading sdl2_image[0m[39m
[1m[INFO][0m:    [36m-> directory context /home/admin/openclaw/workspace/loan-assistant/.buildozer/android/platform/build-arm64-v8a_armeabi-v7a/packages/sdl2_image[39m
stty: 'standard input': Inappropriate ioctl for device
[1m[90m[DEBUG][39m[0m:   [90m->[0m running basename https://github.com/libsdl-org/SDL_image/releases/download/release-2.8.0/SDL2_image-2.8.0.tar.gz[0m
[1m[90m[DEBUG][39m[0m:   	SDL2_image-2.8.0.tar.gz
[1m[INFO][0m:    sdl2_image download already cached, skipping
[1m[INFO][0m:    [36m<- directory context /home/admin/openclaw/workspace/loan-assistant/.buildozer/android/platform/python-for-android[39m
[1m[INFO][0m:    [1m[32mDownloading sdl2_mixer[0m[39m
[1m[INFO][0m:    [36m-> directory context /home/admin/openclaw/workspace/loan-assistant/.buildozer/android/platform/build-arm64-v8a_armeabi-v7a/packages/sdl2_mixer[39m
stty: 'standard input': Inappropriate ioctl for device
[1m[90m[DEBUG][39m[0m:   [90m->[0m running basename https://github.com/libsdl-org/SDL_mixer/releases/download/release-2.6.3/SDL2_mixer-2.6.3.tar.gz[0m
[1m[90m[DEBUG][39m[0m:   	SDL2_mixer-2.6.3.tar.gz
[1m[INFO][0m:    sdl2_mixer download already cached, skipping
[1m[INFO][0m:    [36m<- directory context /home/admin/openclaw/workspace/loan-assistant/.buildozer/android/platform/python-for-android[39m
[1m[INFO][0m:    [1m[32mDownloading sdl2_ttf[0m[39m
[1m[INFO][0m:    [36m-> directory context /home/admin/openclaw/workspace/loan-assistant/.buildozer/android/platform/build-arm64-v8a_armeabi-v7a/packages/sdl2_ttf[39m
stty: 'standard input': Inappropriate ioctl for device
[1m[90m[DEBUG][39m[0m:   [90m->[0m running basename https://github.com/libsdl-org/SDL_ttf/releases/download/release-2.20.2/SDL2_ttf-2.20.2.tar.gz[0m
[1m[90m[DEBUG][39m[0m:   	SDL2_ttf-2.20.2.tar.gz
[1m[INFO][0m:    sdl2_ttf download already cached, skipping
[1m[INFO][0m:    [36m<- directory context /home/admin/openclaw/workspace/loan-assistant/.buildozer/android/platform/python-for-android[39m
[1m[INFO][0m:    [1m[32mDownloading sqlite3[0m[39m
[1m[INFO][0m:    [36m-> directory context /home/admin/openclaw/workspace/loan-assistant/.buildozer/android/platform/build-arm64-v8a_armeabi-v7a/packages/sqlite3[39m
stty: 'standard input': Inappropriate ioctl for device
[1m[90m[DEBUG][39m[0m:   [90m->[0m running basename https://www.sqlite.org/2021/sqlite-amalgamation-3350500.zip[0m
[1m[90m[DEBUG][39m[0m:   	sqlite-amalgamation-3350500.zip
[1m[INFO][0m:    sqlite3 download already cached, skipping
[1m[INFO][0m:    [36m<- directory context /home/admin/openclaw/workspace/loan-assistant/.buildozer/android/platform/python-for-android[39m
[1m[INFO][0m:    [1m[32mDownloading python3[0m[39m
[1m[INFO][0m:    [36m-> directory context /home/admin/openclaw/workspace/loan-assistant/.buildozer/android/platform/build-arm64-v8a_armeabi-v7a/packages/python3[39m
stty: 'standard input': Inappropriate ioctl for device
[1m[90m[DEBUG][39m[0m:   [90m->[0m running basename https://www.python.org/ftp/python/3.11.5/Python-3.11.5.tgz[0m
[1m[90m[DEBUG][39m[0m:   	Python-3.11.5.tgz
[1m[INFO][0m:    python3 download already cached, skipping
[1m[INFO][0m:    [36m<- directory context /home/admin/openclaw/workspace/loan-assistant/.buildozer/android/platform/python-for-android[39m
[1m[INFO][0m:    [1m[32mDownloading sdl2[0m[39m
[1m[INFO][0m:    [36m-> directory context /home/admin/openclaw/workspace/loan-assistant/.buildozer/android/platform/build-arm64-v8a_armeabi-v7a/packages/sdl2[39m
stty: 'standard input': Inappropriate ioctl for device
[1m[90m[DEBUG][39m[0m:   [90m->[0m running basename https://github.com/libsdl-org/SDL/releases/download/release-2.28.5/SDL2-2.28.5.tar.gz[0m
[1m[90m[DEBUG][39m[0m:   	SDL2-2.28.5.tar.gz
[1m[INFO][0m:    sdl2 download already cached, skipping
[1m[INFO][0m:    [36m<- directory context /home/admin/openclaw/workspace/loan-assistant/.buildozer/android/platform/python-for-android[39m
[1m[INFO][0m:    [1m[32mDownloading setuptools[0m[39m
[1m[INFO][0m:    [36m-> directory context /home/admin/openclaw/workspace/loan-assistant/.buildozer/android/platform/build-arm64-v8a_armeabi-v7a/packages/setuptools[39m
stty: 'standard input': Inappropriate ioctl for device
[1m[90m[DEBUG][39m[0m:   [90m->[0m running basename https://pypi.python.org/packages/source/s/setuptools/setuptools-51.3.3.tar.gz[0m
[1m[90m[DEBUG][39m[0m:   	setuptools-51.3.3.tar.gz
[1m[INFO][0m:    setuptools download already cached, skipping
[1m[INFO][0m:    [36m<- directory context /home/admin/openclaw/workspace/loan-assistant/.buildozer/android/platform/python-for-android[39m
[1m[INFO][0m:    [1m[32mDownloading aiohttp[0m[39m
[1m[INFO][0m:    [36m-> directory context /home/admin/openclaw/workspace/loan-assistant/.buildozer/android/platform/build-arm64-v8a_armeabi-v7a/packages/aiohttp[39m
stty: 'standard input': Inappropriate ioctl for device
[1m[90m[DEBUG][39m[0m:   [90m->[0m running basename https://pypi.python.org/packages/source/a/aiohttp/aiohttp-3.8.3.tar.gz[0m
[1m[90m[DEBUG][39m[0m:   	aiohttp-3.8.3.tar.gz
[1m[INFO][0m:    aiohttp download already cached, skipping
[1m[INFO][0m:    [36m<- directory context /home/admin/openclaw/workspace/loan-assistant/.buildozer/android/platform/python-for-android[39m
[1m[INFO][0m:    [1m[32mDownloading six[0m[39m
[1m[INFO][0m:    [36m-> directory context /home/admin/openclaw/workspace/loan-assistant/.buildozer/android/platform/build-arm64-v8a_armeabi-v7a/packages/six[39m
stty: 'standard input': Inappropriate ioctl for device
[1m[90m[DEBUG][39m[0m:   [90m->[0m running basename https://pypi.python.org/packages/source/s/six/six-1.15.0.tar.gz[0m
[1m[90m[DEBUG][39m[0m:   	six-1.15.0.tar.gz
[1m[INFO][0m:    six download already cached, skipping
[1m[INFO][0m:    [36m<- directory context /home/admin/openclaw/workspace/loan-assistant/.buildozer/android/platform/python-for-android[39m
[1m[INFO][0m:    [1m[32mDownloading pyjnius[0m[39m
[1m[INFO][0m:    [36m-> directory context /home/admin/openclaw/workspace/loan-assistant/.buildozer/android/platform/build-arm64-v8a_armeabi-v7a/packages/pyjnius[39m
stty: 'standard input': Inappropriate ioctl for device
[1m[90m[DEBUG][39m[0m:   [90m->[0m running basename https://gitee.com/mirrors/pyjnius/repository/archive/1.6.1.zip[0m
[1m[90m[DEBUG][39m[0m:   	1.6.1.zip
[1m[INFO][0m:    pyjnius download already cached, skipping
[1m[INFO][0m:    [36m<- directory context /home/admin/openclaw/workspace/loan-assistant/.buildozer/android/platform/python-for-android[39m
[1m[INFO][0m:    [1m[32mDownloading android[0m[39m
[1m[INFO][0m:    Skipping android download as no URL is set
[1m[INFO][0m:    [1m[32mDownloading kivy[0m[39m
[1m[INFO][0m:    [36m-> directory context /home/admin/openclaw/workspace/loan-assistant/.buildozer/android/platform/build-arm64-v8a_armeabi-v7a/packages/kivy[39m
stty: 'standard input': Inappropriate ioctl for device
[1m[90m[DEBUG][39m[0m:   [90m->[0m running basename https://github.com/kivy/kivy/archive/2.3.0.zip[0m
[1m[90m[DEBUG][39m[0m:   	2.3.0.zip
[1m[INFO][0m:    kivy download already cached, skipping
[1m[INFO][0m:    [36m<- directory context /home/admin/openclaw/workspace/loan-assistant/.buildozer/android/platform/python-for-android[39m
[1m[INFO][0m:    [1m[32m# Building all recipes for arch armeabi-v7a[0m[39m
[1m[INFO][0m:    [1m[32m# Unpacking recipes[0m[39m
[1m[INFO][0m:    [1m[32mUnpacking hostpython3 for armeabi-v7a[0m[39m
stty: 'standard input': Inappropriate ioctl for device
[1m[90m[DEBUG][39m[0m:   [90m->[0m running basename https://www.python.org/ftp/python/3.11.5/Python-3.11.5.tgz[0m
[1m[90m[DEBUG][39m[0m:   	Python-3.11.5.tgz
[1m[INFO][0m:    [36m-> directory context /home/admin/openclaw/workspace/loan-assistant/.buildozer/android/platform/build-arm64-v8a_armeabi-v7a/build/other_builds/hostpython3/desktop[39m
[1m[INFO][0m:    hostpython3 is already unpacked, skipping
[1m[INFO][0m:    [36m<- directory context /home/admin/openclaw/workspace/loan-assistant/.buildozer/android/platform/python-for-android[39m
[1m[INFO][0m:    [1m[32mUnpacking libffi for armeabi-v7a[0m[39m
stty: 'standard input': Inappropriate ioctl for device
[1m[90m[DEBUG][39m[0m:   [90m->[0m running basename https://github.com/libffi/libffi/archive/v3.4.2.tar.gz[0m
[1m[90m[DEBUG][39m[0m:   	v3.4.2.tar.gz
[1m[INFO][0m:    [36m-> directory context /home/admin/openclaw/workspace/loan-assistant/.buildozer/android/platform/build-arm64-v8a_armeabi-v7a/build/other_builds/libffi/armeabi-v7a__ndk_target_24[39m
[1m[INFO][0m:    libffi is already unpacked, skipping
[1m[INFO][0m:    [36m<- directory context /home/admin/openclaw/workspace/loan-assistant/.buildozer/android/platform/python-for-android[39m
[1m[INFO][0m:    [1m[32mUnpacking openssl for armeabi-v7a[0m[39m
stty: 'standard input': Inappropriate ioctl for device
[1m[90m[DEBUG][39m[0m:   [90m->[0m running basename https://www.openssl.org/source/openssl-1.1.1w.tar.gz[0m
[1m[90m[DEBUG][39m[0m:   	openssl-1.1.1w.tar.gz
[1m[INFO][0m:    [36m-> directory context /home/admin/openclaw/workspace/loan-assistant/.buildozer/android/platform/build-arm64-v8a_armeabi-v7a/build/other_builds/openssl/armeabi-v7a__ndk_target_24[39m
[1m[INFO][0m:    openssl is already unpacked, skipping
[1m[INFO][0m:    [36m<- directory context /home/admin/openclaw/workspace/loan-assistant/.buildozer/android/platform/python-for-android[39m
[1m[INFO][0m:    [1m[32mUnpacking sdl2_image for armeabi-v7a[0m[39m
stty: 'standard input': Inappropriate ioctl for device
[1m[90m[DEBUG][39m[0m:   [90m->[0m running basename https://github.com/libsdl-org/SDL_image/releases/download/release-2.8.0/SDL2_image-2.8.0.tar.gz[0m
[1m[90m[DEBUG][39m[0m:   	SDL2_image-2.8.0.tar.gz
[1m[INFO][0m:    [36m-> directory context /home/admin/openclaw/workspace/loan-assistant/.buildozer/android/platform/build-arm64-v8a_armeabi-v7a/build/bootstrap_builds/sdl2/jni[39m
[1m[INFO][0m:    sdl2_image is already unpacked, skipping
[1m[INFO][0m:    [36m<- directory context /home/admin/openclaw/workspace/loan-assistant/.buildozer/android/platform/python-for-android[39m
[1m[INFO][0m:    [1m[32mUnpacking sdl2_mixer for armeabi-v7a[0m[39m
stty: 'standard input': Inappropriate ioctl for device
[1m[90m[DEBUG][39m[0m:   [90m->[0m running basename https://github.com/libsdl-org/SDL_mixer/releases/download/release-2.6.3/SDL2_mixer-2.6.3.tar.gz[0m
[1m[90m[DEBUG][39m[0m:   	SDL2_mixer-2.6.3.tar.gz
[1m[INFO][0m:    [36m-> directory context /home/admin/openclaw/workspace/loan-assistant/.buildozer/android/platform/build-arm64-v8a_armeabi-v7a/build/bootstrap_builds/sdl2/jni[39m
[1m[INFO][0m:    sdl2_mixer is already unpacked, skipping
[1m[INFO][0m:    [36m<- directory context /home/admin/openclaw/workspace/loan-assistant/.buildozer/android/platform/python-for-android[39m
[1m[INFO][0m:    [1m[32mUnpacking sdl2_ttf for armeabi-v7a[0m[39m
stty: 'standard input': Inappropriate ioctl for device
[1m[90m[DEBUG][39m[0m:   [90m->[0m running basename https://github.com/libsdl-org/SDL_ttf/releases/download/release-2.20.2/SDL2_ttf-2.20.2.tar.gz[0m
[1m[90m[DEBUG][39m[0m:   	SDL2_ttf-2.20.2.tar.gz
[1m[INFO][0m:    [36m-> directory context /home/admin/openclaw/workspace/loan-assistant/.buildozer/android/platform/build-arm64-v8a_armeabi-v7a/build/bootstrap_builds/sdl2/jni[39m
[1m[INFO][0m:    sdl2_ttf is already unpacked, skipping
[1m[INFO][0m:    [36m<- directory context /home/admin/openclaw/workspace/loan-assistant/.buildozer/android/platform/python-for-android[39m
[1m[INFO][0m:    [1m[32mUnpacking sqlite3 for armeabi-v7a[0m[39m
stty: 'standard input': Inappropriate ioctl for device
[1m[90m[DEBUG][39m[0m:   [90m->[0m running basename https://www.sqlite.org/2021/sqlite-amalgamation-3350500.zip[0m
[1m[90m[DEBUG][39m[0m:   	sqlite-amalgamation-3350500.zip
[1m[INFO][0m:    [36m-> directory context /home/admin/openclaw/workspace/loan-assistant/.buildozer/android/platform/build-arm64-v8a_armeabi-v7a/build/other_builds/sqlite3/armeabi-v7a__ndk_target_24[39m
[1m[INFO][0m:    sqlite3 is already unpacked, skipping
[1m[INFO][0m:    [36m<- directory context /home/admin/openclaw/workspace/loan-assistant/.buildozer/android/platform/python-for-android[39m
[1m[INFO][0m:    [1m[32mUnpacking python3 for armeabi-v7a[0m[39m
stty: 'standard input': Inappropriate ioctl for device
[1m[90m[DEBUG][39m[0m:   [90m->[0m running basename https://www.python.org/ftp/python/3.11.5/Python-3.11.5.tgz[0m
[1m[90m[DEBUG][39m[0m:   	Python-3.11.5.tgz
[1m[INFO][0m:    [36m-> directory context /home/admin/openclaw/workspace/loan-assistant/.buildozer/android/platform/build-arm64-v8a_armeabi-v7a/build/other_builds/python3/armeabi-v7a__ndk_target_24[39m
[1m[INFO][0m:    python3 is already unpacked, skipping
[1m[INFO][0m:    [36m<- directory context /home/admin/openclaw/workspace/loan-assistant/.buildozer/android/platform/python-for-android[39m
[1m[INFO][0m:    [1m[32mUnpacking sdl2 for armeabi-v7a[0m[39m
stty: 'standard input': Inappropriate ioctl for device
[1m[90m[DEBUG][39m[0m:   [90m->[0m running basename https://github.com/libsdl-org/SDL/releases/download/release-2.28.5/SDL2-2.28.5.tar.gz[0m
[1m[90m[DEBUG][39m[0m:   	SDL2-2.28.5.tar.gz
[1m[INFO][0m:    [36m-> directory context /home/admin/openclaw/workspace/loan-assistant/.buildozer/android/platform/build-arm64-v8a_armeabi-v7a/build/bootstrap_builds/sdl2/jni[39m
[1m[INFO][0m:    sdl2 is already unpacked, skipping
[1m[INFO][0m:    [36m<- directory context /home/admin/openclaw/workspace/loan-assistant/.buildozer/android/platform/python-for-android[39m
[1m[INFO][0m:    [1m[32mUnpacking setuptools for armeabi-v7a[0m[39m
stty: 'standard input': Inappropriate ioctl for device
[1m[90m[DEBUG][39m[0m:   [90m->[0m running basename https://pypi.python.org/packages/source/s/setuptools/setuptools-51.3.3.tar.gz[0m
[1m[90m[DEBUG][39m[0m:   	setuptools-51.3.3.tar.gz
[1m[INFO][0m:    [36m-> directory context /home/admin/openclaw/workspace/loan-assistant/.buildozer/android/platform/build-arm64-v8a_armeabi-v7a/build/other_builds/setuptools/armeabi-v7a__ndk_target_24[39m
[1m[INFO][0m:    setuptools is already unpacked, skipping
[1m[INFO][0m:    [36m<- directory context /home/admin/openclaw/workspace/loan-assistant/.buildozer/android/platform/python-for-android[39m
[1m[INFO][0m:    [1m[32mUnpacking aiohttp for armeabi-v7a[0m[39m
stty: 'standard input': Inappropriate ioctl for device
[1m[90m[DEBUG][39m[0m:   [90m->[0m running basename https://pypi.python.org/packages/source/a/aiohttp/aiohttp-3.8.3.tar.gz[0m
[1m[90m[DEBUG][39m[0m:   	aiohttp-3.8.3.tar.gz
[1m[INFO][0m:    [36m-> directory context /home/admin/openclaw/workspace/loan-assistant/.buildozer/android/platform/build-arm64-v8a_armeabi-v7a/build/other_builds/aiohttp/armeabi-v7a__ndk_target_24[39m
[1m[INFO][0m:    aiohttp is already unpacked, skipping
[1m[INFO][0m:    [36m<- directory context /home/admin/openclaw/workspace/loan-assistant/.buildozer/android/platform/python-for-android[39m
[1m[INFO][0m:    [1m[32mUnpacking six for armeabi-v7a[0m[39m
stty: 'standard input': Inappropriate ioctl for device
[1m[90m[DEBUG][39m[0m:   [90m->[0m running basename https://pypi.python.org/packages/source/s/six/six-1.15.0.tar.gz[0m
[1m[90m[DEBUG][39m[0m:   	six-1.15.0.tar.gz
[1m[INFO][0m:    [36m-> directory context /home/admin/openclaw/workspace/loan-assistant/.buildozer/android/platform/build-arm64-v8a_armeabi-v7a/build/other_builds/six/armeabi-v7a__ndk_target_24[39m
[1m[INFO][0m:    six is already unpacked, skipping
[1m[INFO][0m:    [36m<- directory context /home/admin/openclaw/workspace/loan-assistant/.buildozer/android/platform/python-for-android[39m
[1m[INFO][0m:    [1m[32mUnpacking pyjnius for armeabi-v7a[0m[39m
stty: 'standard input': Inappropriate ioctl for device
[1m[90m[DEBUG][39m[0m:   [90m->[0m running basename https://gitee.com/mirrors/pyjnius/repository/archive/1.6.1.zip[0m
[1m[90m[DEBUG][39m[0m:   	1.6.1.zip
[1m[INFO][0m:    [36m-> directory context /home/admin/openclaw/workspace/loan-assistant/.buildozer/android/platform/build-arm64-v8a_armeabi-v7a/build/other_builds/pyjnius-sdl2/armeabi-v7a__ndk_target_24[39m
[1m[INFO][0m:    pyjnius is already unpacked, skipping
[1m[INFO][0m:    [36m<- directory context /home/admin/openclaw/workspace/loan-assistant/.buildozer/android/platform/python-for-android[39m
[1m[90m[DEBUG][39m[0m:   Remove directory and subdirectory /home/admin/openclaw/workspace/loan-assistant/.buildozer/android/platform/build-arm64-v8a_armeabi-v7a/build/other_builds/android-sdl2/armeabi-v7a__ndk_target_24/android
stty: 'standard input': Inappropriate ioctl for device
[1m[90m[DEBUG][39m[0m:   [90m->[0m running cp -a /home/admin/openclaw/workspace/loan-assistant/.buildozer/android/platform/python-for-android/pythonforandroid/recipes/android/src /home/admin/openclaw/workspace/loan-assistant/.buildozer/android/platform/build-arm64-v8a_armeabi-v7a/build/other_builds/android-sdl2/armeabi-v7a__ndk_target_24/android[0m
[1m[90m[DEBUG][39m[0m:   Create directory /home/admin/openclaw/workspace/loan-assistant/.buildozer/android/platform/build-arm64-v8a_armeabi-v7a/build/other_builds/kivy/armeabi-v7a__ndk_target_24
[1m[INFO][0m:    [1m[32mUnpacking kivy for armeabi-v7a[0m[39m
stty: 'standard input': Inappropriate ioctl for device
[1m[90m[DEBUG][39m[0m:   [90m->[0m running basename https://github.com/kivy/kivy/archive/2.3.0.zip[0m
[1m[90m[DEBUG][39m[0m:   	2.3.0.zip
[1m[INFO][0m:    [36m-> directory context /home/admin/openclaw/workspace/loan-assistant/.buildozer/android/platform/build-arm64-v8a_armeabi-v7a/build/other_builds/kivy/armeabi-v7a__ndk_target_24[39m
[1m[90m[DEBUG][39m[0m:   Moving kivy-src to /home/admin/openclaw/workspace/loan-assistant/.buildozer/android/platform/build-arm64-v8a_armeabi-v7a/build/other_builds/kivy/armeabi-v7a__ndk_target_24/kivy
[1m[INFO][0m:    [36m<- directory context /home/admin/openclaw/workspace/loan-assistant/.buildozer/android/platform/python-for-android[39m
[1m[INFO][0m:    [1m[32m# Prebuilding recipes[0m[39m
[1m[INFO][0m:    [1m[32mPrebuilding hostpython3 for armeabi-v7a[0m[39m
[1m[INFO][0m:    hostpython3 has no prebuild_armeabi_v7a, skipping
[1m[INFO][0m:    [1m[32mApplying patches for hostpython3[armeabi-v7a][0m[39m
[1m[INFO][0m:    [1m[32mhostpython3 already patched, skipping[0m[39m
[1m[INFO][0m:    [1m[32mPrebuilding libffi for armeabi-v7a[0m[39m
[1m[INFO][0m:    libffi has no prebuild_armeabi_v7a, skipping
[1m[INFO][0m:    [1m[32mApplying patches for libffi[armeabi-v7a][0m[39m
[1m[INFO][0m:    [1m[32mlibffi already patched, skipping[0m[39m
[1m[INFO][0m:    [1m[32mPrebuilding openssl for armeabi-v7a[0m[39m
[1m[INFO][0m:    openssl has no prebuild_armeabi_v7a, skipping
[1m[INFO][0m:    [1m[32mPrebuilding sdl2_image for armeabi-v7a[0m[39m
[1m[INFO][0m:    [36m-> directory context /home/admin/openclaw/workspace/loan-assistant/.buildozer/android/platform/build-arm64-v8a_armeabi-v7a/build/bootstrap_builds/sdl2/jni/SDL2_image/external[39m
stty: 'standard input': Inappropriate ioctl for device
[1m[90m[DEBUG][39m[0m:   [90m->[0m running download.sh[0m
[1m[90m[DEBUG][39m[0m:   	Skipping external dependencies download
[1m[INFO][0m:    [36m<- directory context /home/admin/openclaw/workspace/loan-assistant/.buildozer/android/platform/python-for-android[39m
[1m[INFO][0m:    sdl2_image has no prebuild_armeabi_v7a, skipping
[1m[INFO][0m:    [1m[32mApplying patches for sdl2_image[armeabi-v7a][0m[39m
[1m[INFO][0m:    [1m[32msdl2_image already patched, skipping[0m[39m
[1m[INFO][0m:    [1m[32mPrebuilding sdl2_mixer for armeabi-v7a[0m[39m
[1m[INFO][0m:    sdl2_mixer has no prebuild_armeabi_v7a, skipping
[1m[INFO][0m:    [1m[32mPrebuilding sdl2_ttf for armeabi-v7a[0m[39m
[1m[INFO][0m:    sdl2_ttf has no prebuild_armeabi_v7a, skipping
[1m[INFO][0m:    [1m[32mPrebuilding sqlite3 for armeabi-v7a[0m[39m
[1m[INFO][0m:    sqlite3 has no prebuild_armeabi_v7a, skipping
[1m[INFO][0m:    [1m[32mPrebuilding python3 for armeabi-v7a[0m[39m
[1m[INFO][0m:    python3 has no prebuild_armeabi_v7a, skipping
[1m[INFO][0m:    [1m[32mApplying patches for python3[armeabi-v7a][0m[39m
[1m[INFO][0m:    [1m[32mpython3 already patched, skipping[0m[39m
[1m[INFO][0m:    [1m[32mPrebuilding sdl2 for armeabi-v7a[0m[39m
[1m[INFO][0m:    sdl2 has no prebuild_armeabi_v7a, skipping
[1m[INFO][0m:    [1m[32mPrebuilding setuptools for armeabi-v7a[0m[39m
[1m[INFO][0m:    setuptools has no prebuild_armeabi_v7a, skipping
[1m[INFO][0m:    [1m[32mPrebuilding aiohttp for armeabi-v7a[0m[39m
[1m[INFO][0m:    aiohttp has no prebuild_armeabi_v7a, skipping
[1m[INFO][0m:    [1m[32mPrebuilding six for armeabi-v7a[0m[39m
[1m[INFO][0m:    six has no prebuild_armeabi_v7a, skipping
[1m[INFO][0m:    [1m[32mPrebuilding pyjnius for armeabi-v7a[0m[39m
[1m[INFO][0m:    pyjnius has no prebuild_armeabi_v7a, skipping
[1m[INFO][0m:    [1m[32mApplying patches for pyjnius[armeabi-v7a][0m[39m
[1m[INFO][0m:    [1m[32mpyjnius already patched, skipping[0m[39m
[1m[INFO][0m:    [1m[32mPrebuilding android for armeabi-v7a[0m[39m
[1m[INFO][0m:    android has no prebuild_armeabi_v7a, skipping
[1m[INFO][0m:    [36m-> directory context /home/admin/openclaw/workspace/loan-assistant/.buildozer/android/platform/build-arm64-v8a_armeabi-v7a/build/other_builds/android-sdl2/armeabi-v7a__ndk_target_24/android[39m
[1m[INFO][0m:    [36m<- directory context /home/admin/openclaw/workspace/loan-assistant/.buildozer/android/platform/python-for-android[39m
[1m[INFO][0m:    [1m[32mPrebuilding kivy for armeabi-v7a[0m[39m
[1m[INFO][0m:    kivy has no prebuild_armeabi_v7a, skipping
[1m[INFO][0m:    [1m[32mApplying patches for kivy[armeabi-v7a][0m[39m
[1m[INFO][0m:    [36m-> directory context /home/admin/openclaw/workspace/loan-assistant/.buildozer/android/platform/build-arm64-v8a_armeabi-v7a/build/other_builds/kivy/armeabi-v7a__ndk_target_24/kivy/kivy[39m
stty: 'standard input': Inappropriate ioctl for device
[1m[90m[DEBUG][39m[0m:   [90m->[0m running python3 -c import _version; print(_version.__version__)[0m
[1m[90m[DEBUG][39m[0m:   	2.3.0
[1m[INFO][0m:    [36m<- directory context /home/admin/openclaw/workspace/loan-assistant/.buildozer/android/platform/python-for-android[39m
[1m[INFO][0m:    [1m[32m# Building recipes[0m[39m
[1m[INFO][0m:    [1m[32mBuilding hostpython3 for armeabi-v7a[0m[39m
[1m[INFO][0m:    hostpython3 said it is already built, skipping
[1m[INFO][0m:    [1m[32mBuilding libffi for armeabi-v7a[0m[39m
[1m[INFO][0m:    libffi said it is already built, skipping
stty: 'standard input': Inappropriate ioctl for device
[1m[90m[DEBUG][39m[0m:   [90m->[0m running cp /home/admin/openclaw/workspace/loan-assistant/.buildozer/android/platform/build-arm64-v8a_armeabi-v7a/build/other_builds/libffi/armeabi-v7a__ndk_target_24/libffi/.libs/libffi.so /home/admin/openclaw/workspace/loan-assistant/.buildozer/android/platform/build-arm64-v8a_armeabi-v7a/build/libs_collections/loanassistant/armeabi-v7a[0m
[1m[INFO][0m:    [1m[32mBuilding openssl for armeabi-v7a[0m[39m
[1m[INFO][0m:    openssl said it is already built, skipping
stty: 'standard input': Inappropriate ioctl for device
[1m[90m[DEBUG][39m[0m:   [90m->[0m running cp /home/admin/openclaw/workspace/loan-assistant/.buildozer/android/platform/build-arm64-v8a_armeabi-v7a/build/other_builds/openssl/armeabi-v7a__ndk_target_24/openssl1.1/libcrypto1.1.so /home/admin/openclaw/workspace/loan-assistant/.buildozer/android/platform/build-arm64-v8a_armeabi-v7a/build/other_builds/openssl/armeabi-v7a__ndk_target_24/openssl1.1/libssl1.1.so /home/admin/openclaw/workspace/loan-assistant/.buildozer/android/platform/build-arm64-v8a_armeabi-v7a/build/libs_collections/loanassistant/armeabi-v7a[0m
[1m[INFO][0m:    [1m[32mBuilding sdl2_image for armeabi-v7a[0m[39m
[1m[INFO][0m:    [1m[32mBuilding sdl2_mixer for armeabi-v7a[0m[39m
[1m[INFO][0m:    [1m[32mBuilding sdl2_ttf for armeabi-v7a[0m[39m
[1m[INFO][0m:    [1m[32mBuilding sqlite3 for armeabi-v7a[0m[39m
[1m[INFO][0m:    sqlite3 said it is already built, skipping
[1m[INFO][0m:    [1m[32mBuilding python3 for armeabi-v7a[0m[39m
[1m[INFO][0m:    python3 said it is already built, skipping
[1m[INFO][0m:    [1m[32mBuilding sdl2 for armeabi-v7a[0m[39m
[1m[INFO][0m:    sdl2 said it is already built, skipping
[1m[INFO][0m:    [1m[32mBuilding setuptools for armeabi-v7a[0m[39m
[1m[INFO][0m:    Python package already exists in site-packages
[1m[INFO][0m:    setuptools said it is already built, skipping
[1m[INFO][0m:    [1m[32mBuilding aiohttp for armeabi-v7a[0m[39m
[1m[INFO][0m:    Python package already exists in site-packages
[1m[INFO][0m:    aiohttp said it is already built, skipping
[1m[INFO][0m:    [1m[32mBuilding six for armeabi-v7a[0m[39m
[1m[INFO][0m:    Python package already exists in site-packages
[1m[INFO][0m:    six said it is already built, skipping
[1m[INFO][0m:    [1m[32mBuilding pyjnius for armeabi-v7a[0m[39m
[1m[INFO][0m:    Python package already exists in site-packages
[1m[INFO][0m:    pyjnius said it is already built, skipping
[1m[INFO][0m:    [1m[32mBuilding android for armeabi-v7a[0m[39m
[1m[INFO][0m:    Python package already exists in site-packages
[1m[INFO][0m:    android said it is already built, skipping
[1m[INFO][0m:    [1m[32mBuilding kivy for armeabi-v7a[0m[39m
[1m[INFO][0m:    kivy apparently isn't already in site-packages
[1m[INFO][0m:    Cythonizing anything necessary in kivy
[1m[90m[DEBUG][39m[0m:   Create directory /home/admin/openclaw/workspace/loan-assistant/.buildozer/android/platform/build-arm64-v8a_armeabi-v7a/build/other_builds/kivy/armeabi-v7a__ndk_target_24/objects_kivy
[1m[INFO][0m:    [36m-> directory context /home/admin/openclaw/workspace/loan-assistant/.buildozer/android/platform/build-arm64-v8a_armeabi-v7a/build/other_builds/kivy/armeabi-v7a__ndk_target_24/kivy[39m
stty: 'standard input': Inappropriate ioctl for device
[1m[90m[DEBUG][39m[0m:   [90m->[0m running python3 -c import sys; print(sys.path)[0m
[1m[90m[DEBUG][39m[0m:   	['', '/home/admin/openclaw/workspace/loan-assistant/.buildozer/android/platform/build-arm64-v8a_armeabi-v7a/build/other_builds/hostpython3/desktop/hostpython3/native-build/Lib', '/home/admin/openclaw/workspace/loan-assistant/.buildozer/android/platform/build-arm64-v8a_armeabi-v7a/build/other_builds/hostpython3/desktop/hostpython3/native-build/Lib/site-packages', '/home/admin/openclaw/workspace/loan-assistant/.buildozer/android/platform/build-arm64-v8a_armeabi-v7a/build/other_builds/hostpython3/desktop/hostpython3/native-build/build/lib.linux-x86_64-3.11', '/home/admin/openclaw/workspace/loan-assistant/.buildozer/android/platform/build-arm64-v8a_armeabi-v7a/build/other_builds/hostpython3/desktop/hostpython3/native-build/build/temp.linux-x86_64-3.11', '/home/admin/openclaw/workspace/loan-assistant/.buildozer/android/platform/build-arm64-v8a_armeabi-v7a/build/other_builds/hostpython3/desktop/hostpython3/native-build/build/scripts-3.11', '/usr/local/lib/python311.zip', '/home/admin/openclaw/workspace/loan-assistant/.buildozer/android/platform/build-arm64-v8a_armeabi-v7a/build/other_builds/hostpython3/desktop/hostpython3/Lib']
[1m[90m[DEBUG][39m[0m:   cwd is /home/admin/openclaw/workspace/loan-assistant/.buildozer/android/platform/build-arm64-v8a_armeabi-v7a/build/other_builds/kivy/armeabi-v7a__ndk_target_24/kivy
[1m[INFO][0m:    Trying first build of kivy to get cython files: this is expected to fail
stty: 'standard input': Inappropriate ioctl for device
[1m[90m[DEBUG][39m[0m:   [90m->[0m running python3 setup.py build_ext -v[0m
[1m[90m[DEBUG][39m[0m:   	[INFO   ] [Logger      ] Record log in /home/admin/.kivy/logs/kivy_26-03-24_1.txt
[1m[90m[DEBUG][39m[0m:   	[INFO   ] [Kivy        ] v2.3.0
[1m[90m[DEBUG][39m[0m:   	[INFO   ] [Kivy        ] Installed at "/home/admin/openclaw/workspace/loan-assistant/.buildozer/android/platform/build-arm64-v8a_armeabi-v7a/build/other_builds/kivy/armeabi-v7a__ndk_target_24/kivy/kivy/__init__.py"
[1m[90m[DEBUG][39m[0m:   	[INFO   ] [Python      ] v3.11.5 (main, Mar 24 2026, 16:02:38) [GCC 11.4.0]
[1m[90m[DEBUG][39m[0m:   	[INFO   ] [Python      ] Interpreter at "/home/admin/openclaw/workspace/loan-assistant/.buildozer/android/platform/build-arm64-v8a_armeabi-v7a/build/other_builds/hostpython3/desktop/hostpython3/native-build/python3"
[1m[90m[DEBUG][39m[0m:   	[INFO   ] [Logger      ] Purge log fired. Processing...
[1m[90m[DEBUG][39m[0m:   	[INFO   ] [Logger      ] Purge finished!
[1m[90m[DEBUG][39m[0m:   	Environ change use_sdl2 -> True
[1m[90m[DEBUG][39m[0m:   	Not using cython on android
[1m[90m[DEBUG][39m[0m:   	Current directory is: /home/admin/openclaw/workspace/loan-assistant/.buildozer/android/platform/build-arm64-v8a_armeabi-v7a/build/other_builds/kivy/armeabi-v7a__ndk_target_24/kivy
[1m[90m[DEBUG][39m[0m:   	Source and initial build directory is: /home/admin/openclaw/workspace/loan-assistant/.buildozer/android/platform/build-arm64-v8a_armeabi-v7a/build/other_builds/kivy/armeabi-v7a__ndk_target_24/kivy
[1m[90m[DEBUG][39m[0m:   	Python path is:
[1m[90m[DEBUG][39m[0m:   	/home/admin/openclaw/workspace/loan-assistant/.buildozer/android/platform/build-arm64-v8a_armeabi-v7a/build/other_builds/kivy/armeabi-v7a__ndk_target_24/kivy
[1m[90m[DEBUG][39m[0m:   	/home/admin/openclaw/workspace/loan-assistant/.buildozer/android/platform/build-arm64-v8a_armeabi-v7a/build/other_builds/hostpython3/desktop/hostpython3/native-build/Lib
[1m[90m[DEBUG][39m[0m:   	/home/admin/openclaw/workspace/loan-assistant/.buildozer/android/platform/build-arm64-v8a_armeabi-v7a/build/other_builds/hostpython3/desktop/hostpython3/native-build/Lib/site-packages
[1m[90m[DEBUG][39m[0m:   	/home/admin/openclaw/workspace/loan-assistant/.buildozer/android/platform/build-arm64-v8a_armeabi-v7a/build/other_builds/hostpython3/desktop/hostpython3/native-build/build/lib.linux-x86_64-3.11
[1m[90m[DEBUG][39m[0m:   	/home/admin/openclaw/workspace/loan-assistant/.buildozer/android/platform/build-arm64-v8a_armeabi-v7a/build/other_builds/hostpython3/desktop/hostpython3/native-build/build/temp.linux-x86_64-3.11
[1m[90m[DEBUG][39m[0m:   	/home/admin/openclaw/workspace/loan-assistant/.buildozer/android/platform/build-arm64-v8a_armeabi-v7a/build/other_builds/hostpython3/desktop/hostpython3/native-build/build/scripts-3.11
[1m[90m[DEBUG][39m[0m:   	/usr/local/lib/python311.zip
[1m[90m[DEBUG][39m[0m:   	/home/admin/openclaw/workspace/loan-assistant/.buildozer/android/platform/build-arm64-v8a_armeabi-v7a/build/other_builds/hostpython3/desktop/hostpython3/Lib
[1m[90m[DEBUG][39m[0m:   	/home/admin/openclaw/workspace/loan-assistant/.buildozer/android/platform/build-arm64-v8a_armeabi-v7a/build/other_builds/kivy/armeabi-v7a__ndk_target_24/kivy/kivy/modules
[1m[90m[DEBUG][39m[0m:   	/home/admin/.kivy/mods
[1m[90m[DEBUG][39m[0m:   	
[1m[90m[DEBUG][39m[0m:   	Using this graphics system: OpenGL ES 2
[1m[90m[DEBUG][39m[0m:   	WARNING: A problem occurred while running pkg-config --libs --cflags sdl2 SDL2_ttf SDL2_image SDL2_mixer (code 1)
[1m[90m[DEBUG][39m[0m:   	
[1m[90m[DEBUG][39m[0m:   	b"Package sdl2 was not found in the pkg-config search path.\nPerhaps you should add the directory containing `sdl2.pc'\nto the PKG_CONFIG_PATH environment variable\nNo package 'sdl2' found\nPackage SDL2_ttf was not found in the pkg-config search path.\nPerhaps you should add the directory containing `SDL2_ttf.pc'\nto the PKG_CONFIG_PATH environment variable\nNo package 'SDL2_ttf' found\nPackage SDL2_image was not found in the pkg-config search path.\nPerhaps you should add the directory containing `SDL2_image.pc'\nto the PKG_CONFIG_PATH environment variable\nNo package 'SDL2_image' found\nPackage SDL2_mixer was not found in the pkg-config search path.\nPerhaps you should add the directory containing `SDL2_mixer.pc'\nto the PKG_CONFIG_PATH environment variable\nNo package 'SDL2_mixer' found\n"
[1m[90m[DEBUG][39m[0m:   	
[1m[90m[DEBUG][39m[0m:   	SDL2: found SDL header at /home/admin/openclaw/workspace/loan-assistant/.buildozer/android/platform/build-arm64-v8a_armeabi-v7a/build/bootstrap_builds/sdl2/jni/SDL/include/SDL.h
[1m[90m[DEBUG][39m[0m:   	SDL2: found SDL_mixer header at /home/admin/openclaw/workspace/loan-assistant/.buildozer/android/platform/build-arm64-v8a_armeabi-v7a/build/bootstrap_builds/sdl2/jni/SDL2_mixer/include/SDL_mixer.h
[1m[90m[DEBUG][39m[0m:   	SDL2: found SDL_ttf header at /home/admin/openclaw/workspace/loan-assistant/.buildozer/android/platform/build-arm64-v8a_armeabi-v7a/build/bootstrap_builds/sdl2/jni/SDL2_ttf/SDL_ttf.h
[1m[90m[DEBUG][39m[0m:   	SDL2: found SDL_image header at /home/admin/openclaw/workspace/loan-assistant/.buildozer/android/platform/build-arm64-v8a_armeabi-v7a/build/bootstrap_builds/sdl2/jni/SDL2_image/include/SDL_image.h
[1m[90m[DEBUG][39m[0m:   	running build_ext
[1m[90m[DEBUG][39m[0m:   	Building extensions in parallel using 4 cores
[1m[90m[DEBUG][39m[0m:   	Build configuration is:
[1m[90m[DEBUG][39m[0m:   	 * use_rpi_vidcore_lite = 0
[1m[90m[DEBUG][39m[0m:   	 * use_egl = 0
[1m[90m[DEBUG][39m[0m:   	 * use_opengl_es2 = 1
[1m[90m[DEBUG][39m[0m:   	 * use_opengl_mock = 0
[1m[90m[DEBUG][39m[0m:   	 * use_sdl2 = 1
[1m[90m[DEBUG][39m[0m:   	 * use_pangoft2 = 0
[1m[90m[DEBUG][39m[0m:   	 * use_ios = 0
[1m[90m[DEBUG][39m[0m:   	 * use_android = 1
[1m[90m[DEBUG][39m[0m:   	 * use_mesagl = 0
[1m[90m[DEBUG][39m[0m:   	 * use_x11 = 0
[1m[90m[DEBUG][39m[0m:   	 * use_wayland = 0
[1m[90m[DEBUG][39m[0m:   	 * use_gstreamer = 0
[1m[90m[DEBUG][39m[0m:   	 * use_avfoundation = 0
[1m[90m[DEBUG][39m[0m:   	 * use_osx_frameworks = 0
[1m[90m[DEBUG][39m[0m:   	 * debug_gl = 0
[1m[90m[DEBUG][39m[0m:   	 * kivy_sdl_gl_alpha_size = 8
[1m[90m[DEBUG][39m[0m:   	 * debug = False
[1m[90m[DEBUG][39m[0m:   	Updated /home/admin/openclaw/workspace/loan-assistant/.buildozer/android/platform/build-arm64-v8a_armeabi-v7a/build/other_builds/kivy/armeabi-v7a__ndk_target_24/kivy/kivy/include/config.h
[1m[90m[DEBUG][39m[0m:   	Updated /home/admin/openclaw/workspace/loan-assistant/.buildozer/android/platform/build-arm64-v8a_armeabi-v7a/build/other_builds/kivy/armeabi-v7a__ndk_target_24/kivy/kivy/include/config.pxi
[1m[90m[DEBUG][39m[0m:   	Updated /home/admin/openclaw/workspace/loan-assistant/.buildozer/android/platform/build-arm64-v8a_armeabi-v7a/build/other_builds/kivy/armeabi-v7a__ndk_target_24/kivy/kivy/setupconfig.py
[1m[90m[DEBUG][39m[0m:   	Detected compiler is unix
[1m[90m[DEBUG][39m[0m:   	building 'kivy._event' extension
[1m[90m[DEBUG][39m[0m:   	building 'kivy.properties' extension
[1m[90m[DEBUG][39m[0m:   	building 'kivy._clock' extension
[1m[90m[DEBUG][39m[0m:   	creating build
[1m[90m[DEBUG][39m[0m:   	creating build
[1m[90m[DEBUG][39m[0m:   	building 'kivy.weakproxy' extension
[1m[90m[DEBUG][39m[0m:   	creating build/temp.linux-x86_64-3.11
[1m[90m[DEBUG][39m[0m:   	creating build/temp.linux-x86_64-3.11
[1m[90m[DEBUG][39m[0m:   	creating build/temp.linux-x86_64-3.11
[1m[90m[DEBUG][39m[0m:   	creating build/temp.linux-x86_64-3.11
[1m[90m[DEBUG][39m[0m:   	creating build/temp.linux-x86_64-3.11/home
[1m[90m[DEBUG][39m[0m:   	creating build/temp.linux-x86_64-3.11/home/admin
[1m[90m[DEBUG][39m[0m:   	creating build/temp.linux-x86_64-3.11/home/admin/openclaw
[1m[90m[DEBUG][39m[0m:   	creating build/temp.linux-x86_64-3.11/home/admin/openclaw/workspace
[1m[90m[DEBUG][39m[0m:   	creating build/temp.linux-x86_64-3.11/home
[1m[90m[DEBUG][39m[0m:   	creating build/temp.linux-x86_64-3.11/home
[1m[90m[DEBUG][39m[0m:   	creating build/temp.linux-x86_64-3.11/home/admin/openclaw/workspace
[1m[90m[DEBUG][39m[0m:   	creating build/temp.linux-x86_64-3.11/home/admin/openclaw/workspace/loan-assistant
[1m[90m[DEBUG][39m[0m:   	creating build/temp.linux-x86_64-3.11/home/admin/openclaw/workspace
[1m[90m[DEBUG][39m[0m:   	creating build/temp.linux-x86_64-3.11/home/admin/openclaw/workspace
[1m[90m[DEBUG][39m[0m:   	creating build/temp.linux-x86_64-3.11/home/admin/openclaw/workspace/loan-assistant/.buildozer
[1m[90m[DEBUG][39m[0m:   	creating build/temp.linux-x86_64-3.11/home/admin/openclaw/workspace/loan-assistant/.buildozer
[1m[90m[DEBUG][39m[0m:   	creating build/temp.linux-x86_64-3.11/home/admin/openclaw/workspace/loan-assistant/.buildozer/android
[1m[90m[DEBUG][39m[0m:   	creating build/temp.linux-x86_64-3.11/home/admin/openclaw/workspace/loan-assistant/.buildozer/android
[1m[90m[DEBUG][39m[0m:   	creating build/temp.linux-x86_64-3.11/home/admin/openclaw/workspace/loan-assistant/.buildozer
[1m[90m[DEBUG][39m[0m:   	creating build/temp.linux-x86_64-3.11/home/admin/openclaw/workspace/loan-assistant/.buildozer/android/platform
[1m[90m[DEBUG][39m[0m:   	creating build/temp.linux-x86_64-3.11/home/admin/openclaw/workspace/loan-assistant
[1m[90m[DEBUG][39m[0m:   	creating build/temp.linux-x86_64-3.11/home/admin/openclaw/workspace/loan-assistant/.buildozer/android/platform
[1m[90m[DEBUG][39m[0m:   	creating build/temp.linux-x86_64-3.11/home/admin/openclaw/workspace/loan-assistant/.buildozer/android/platform/build-arm64-v8a_armeabi-v7a
[1m[90m[DEBUG][39m[0m:   	creating build/temp.linux-x86_64-3.11/home/admin/openclaw/workspace/loan-assistant/.buildozer/android/platform/build-arm64-v8a_armeabi-v7a
[1m[90m[DEBUG][39m[0m:   	creating build/temp.linux-x86_64-3.11/home/admin/openclaw/workspace/loan-assistant/.buildozer/android/platform/build-arm64-v8a_armeabi-v7a/build
[1m[90m[DEBUG][39m[0m:   	creating build/temp.linux-x86_64-3.11/home/admin/openclaw/workspace/loan-assistant/.buildozer/android/platform/build-arm64-v8a_armeabi-v7a
[1m[90m[DEBUG][39m[0m:   	creating build/temp.linux-x86_64-3.11/home/admin/openclaw/workspace/loan-assistant/.buildozer/android/platform/build-arm64-v8a_armeabi-v7a/build
[1m[90m[DEBUG][39m[0m:   	creating build/temp.linux-x86_64-3.11/home/admin/openclaw/workspace/loan-assistant/.buildozer/android/platform/build-arm64-v8a_armeabi-v7a/build/other_builds
[1m[90m[DEBUG][39m[0m:   	creating build/temp.linux-x86_64-3.11/home/admin/openclaw/workspace/loan-assistant/.buildozer/android/platform/build-arm64-v8a_armeabi-v7a/build/other_builds/kivy
[1m[90m[DEBUG][39m[0m:   	creating build/temp.linux-x86_64-3.11/home/admin/openclaw/workspace/loan-assistant/.buildozer/android/platform/build-arm64-v8a_armeabi-v7a/build/other_builds/kivy/armeabi-v7a__ndk_target_24
[1m[90m[DEBUG][39m[0m:   	creating build/temp.linux-x86_64-3.11/home/admin/openclaw/workspace/loan-assistant/.buildozer/android/platform/build-arm64-v8a_armeabi-v7a/build
[1m[90m[DEBUG][39m[0m:   	creating build/temp.linux-x86_64-3.11/home/admin/openclaw/workspace/loan-assistant/.buildozer/android/platform/build-arm64-v8a_armeabi-v7a/build/other_builds/kivy/armeabi-v7a__ndk_target_24
[1m[90m[DEBUG][39m[0m:   	creating build/temp.linux-x86_64-3.11/home/admin/openclaw/workspace/loan-assistant/.buildozer/android/platform/build-arm64-v8a_armeabi-v7a/build
[1m[90m[DEBUG][39m[0m:   	creating build/temp.linux-x86_64-3.11/home/admin/openclaw/workspace/loan-assistant/.buildozer/android/platform/build-arm64-v8a_armeabi-v7a/build/other_builds/kivy/armeabi-v7a__ndk_target_24/kivy
[1m[90m[DEBUG][39m[0m:   	creating build/temp.linux-x86_64-3.11/home/admin/openclaw/workspace/loan-assistant/.buildozer/android/platform/build-arm64-v8a_armeabi-v7a/build/other_builds/kivy/armeabi-v7a__ndk_target_24/kivy
[1m[90m[DEBUG][39m[0m:   	creating build/temp.linux-x86_64-3.11/home/admin/openclaw/workspace/loan-assistant/.buildozer/android/platform/build-arm64-v8a_armeabi-v7a/build/other_builds/kivy/armeabi-v7a__ndk_target_24/kivy
[1m[90m[DEBUG][39m[0m:   	creating build/temp.linux-x86_64-3.11/home/admin/openclaw/workspace/loan-assistant/.buildozer/android/platform/build-arm64-v8a_armeabi-v7a/build/other_builds/kivy/armeabi-v7a__ndk_target_24/kivy/kivy
[1m[90m[DEBUG][39m[0m:   	creating build/temp.linux-x86_64-3.11/home/admin/openclaw/workspace/loan-assistant/.buildozer/android/platform/build-arm64-v8a_armeabi-v7a/build/other_builds/kivy/armeabi-v7a__ndk_target_24/kivy/kivy
[1m[90m[DEBUG][39m[0m:   	creating build/temp.linux-x86_64-3.11/home/admin/openclaw/workspace/loan-assistant/.buildozer/android/platform/build-arm64-v8a_armeabi-v7a/build/other_builds/kivy/armeabi-v7a__ndk_target_24/kivy/kivy
[1m[90m[DEBUG][39m[0m:   	/home/admin/.buildozer/android/platform/android-ndk-r25b/toolchains/llvm/prebuilt/linux-x86_64/bin/clang -target armv7a-linux-androideabi24 -fomit-frame-pointer -march=armv7-a -mfloat-abi=softfp -mfpu=vfp -mthumb -fPIC -Wsign-compare -DNDEBUG -g -fwrapv -O3 -Wall -target armv7a-linux-androideabi24 -fomit-frame-pointer -march=armv7-a -mfloat-abi=softfp -mfpu=vfp -mthumb -fPIC -I/home/admin/openclaw/workspace/loan-assistant/.buildozer/android/platform/build-arm64-v8a_armeabi-v7a/build/other_builds/python3/armeabi-v7a__ndk_target_24/python3/Include -DANDROID -I/home/admin/.buildozer/android/platform/android-ndk-r25b/toolchains/llvm/prebuilt/linux-x86_64/sysroot/usr/include -I/home/admin/openclaw/workspace/loan-assistant/.buildozer/android/platform/build-arm64-v8a_armeabi-v7a/build/python-installs/loanassistant/armeabi-v7a/include/python3.1 -fPIC -I/home/admin/openclaw/workspace/loan-assistant/.buildozer/android/platform/build-arm64-v8a_armeabi-v7a/build/other_builds/kivy/armeabi-v7a__ndk_target_24/kivy/kivy/include -I/home/admin/openclaw/workspace/loan-assistant/.buildozer/android/platform/build-arm64-v8a_armeabi-v7a/build/other_builds/hostpython3/desktop/hostpython3/Include -I/home/admin/openclaw/workspace/loan-assistant/.buildozer/android/platform/build-arm64-v8a_armeabi-v7a/build/other_builds/hostpython3/desktop/hostpython3/native-build -c /home/admin/openclaw/workspace/loan-assistant/.buildozer/android/platform/build-arm64-v8a_armeabi-v7a/build/other_builds/kivy/armeabi-v7a__ndk_target_24/kivy/kivy/_event.c -o build/temp.linux-x86_64-3.11/home/admin/openclaw/workspace/loan-assistant/.buildozer/android/platform/build-arm64-v8a_armeabi-v7a/build/other_builds/kivy/armeabi-v7a__ndk_target_24/kivy/kivy/_event.o
[1m[90m[DEBUG][39m[0m:   	/home/admin/.buildozer/android/platform/android-ndk-r25b/toolchains/llvm/prebuilt/linux-x86_64/bin/clang -target armv7a-linux-androideabi24 -fomit-frame-pointer -march=armv7-a -mfloat-abi=softfp -mfpu=vfp -mthumb -fPIC -Wsign-compare -DNDEBUG -g -fwrapv -O3 -Wall -target armv7a-linux-androideabi24 -fomit-frame-pointer -march=armv7-a -mfloat-abi=softfp -mfpu=vfp -mthumb -fPIC -I/home/admin/openclaw/workspace/loan-assistant/.buildozer/android/platform/build-arm64-v8a_armeabi-v7a/build/other_builds/python3/armeabi-v7a__ndk_target_24/python3/Include -DANDROID -I/home/admin/.buildozer/android/platform/android-ndk-r25b/toolchains/llvm/prebuilt/linux-x86_64/sysroot/usr/include -I/home/admin/openclaw/workspace/loan-assistant/.buildozer/android/platform/build-arm64-v8a_armeabi-v7a/build/python-installs/loanassistant/armeabi-v7a/include/python3.1 -fPIC -I/home/admin/openclaw/workspace/loan-assistant/.buildozer/android/platform/build-arm64-v8a_armeabi-v7a/build/other_builds/hostpython3/desktop/hostpython3/Include -I/home/admin/openclaw/workspace/loan-assistant/.buildozer/android/platform/build-arm64-v8a_armeabi-v7a/build/other_builds/hostpython3/desktop/hostpython3/native-build -c /home/admin/openclaw/workspace/loan-assistant/.buildozer/android/platform/build-arm64-v8a_armeabi-v7a/build/other_builds/kivy/armeabi-v7a__ndk_target_24/kivy/kivy/_clock.c -o build/temp.linux-x86_64-3.11/home/admin/openclaw/workspace/loan-assistant/.buildozer/android/platform/build-arm64-v8a_armeabi-v7a/build/other_builds/kivy/armeabi-v7a__ndk_target_24/kivy/kivy/_clock.o
[1m[90m[DEBUG][39m[0m:   	/home/admin/.buildozer/android/platform/android-ndk-r25b/toolchains/llvm/prebuilt/linux-x86_64/bin/clang -target armv7a-linux-androideabi24 -fomit-frame-pointer -march=armv7-a -mfloat-abi=softfp -mfpu=vfp -mthumb -fPIC -Wsign-compare -DNDEBUG -g -fwrapv -O3 -Wall -target armv7a-linux-androideabi24 -fomit-frame-pointer -march=armv7-a -mfloat-abi=softfp -mfpu=vfp -mthumb -fPIC -I/home/admin/openclaw/workspace/loan-assistant/.buildozer/android/platform/build-arm64-v8a_armeabi-v7a/build/other_builds/python3/armeabi-v7a__ndk_target_24/python3/Include -DANDROID -I/home/admin/.buildozer/android/platform/android-ndk-r25b/toolchains/llvm/prebuilt/linux-x86_64/sysroot/usr/include -I/home/admin/openclaw/workspace/loan-assistant/.buildozer/android/platform/build-arm64-v8a_armeabi-v7a/build/python-installs/loanassistant/armeabi-v7a/include/python3.1 -fPIC -I/home/admin/openclaw/workspace/loan-assistant/.buildozer/android/platform/build-arm64-v8a_armeabi-v7a/build/other_builds/kivy/armeabi-v7a__ndk_target_24/kivy/kivy/include -I/home/admin/openclaw/workspace/loan-assistant/.buildozer/android/platform/build-arm64-v8a_armeabi-v7a/build/other_builds/hostpython3/desktop/hostpython3/Include -I/home/admin/openclaw/workspace/loan-assistant/.buildozer/android/platform/build-arm64-v8a_armeabi-v7a/build/other_builds/hostpython3/desktop/hostpython3/native-build -c /home/admin/openclaw/workspace/loan-assistant/.buildozer/android/platform/build-arm64-v8a_armeabi-v7a/build/other_builds/kivy/armeabi-v7a__ndk_target_24/kivy/kivy/properties.c -o build/temp.linux-x86_64-3.11/home/admin/openclaw/workspace/loan-assistant/.buildozer/android/platform/build-arm64-v8a_armeabi-v7a/build/other_builds/kivy/armeabi-v7a__ndk_target_24/kivy/kivy/properties.o
[1m[90m[DEBUG][39m[0m:   	creating build/temp.linux-x86_64-3.11/home/admin/openclaw/workspace/loan-assistant/.buildozer/android/platform/build-arm64-v8a_armeabi-v7a/build/other_builds/kivy/armeabi-v7a__ndk_target_24/kivy
[1m[90m[DEBUG][39m[0m:   	/home/admin/.buildozer/android/platform/android-ndk-r25b/toolchains/llvm/prebuilt/linux-x86_64/bin/clang -target armv7a-linux-androideabi24 -fomit-frame-pointer -march=armv7-a -mfloat-abi=softfp -mfpu=vfp -mthumb -fPIC -Wsign-compare -DNDEBUG -g -fwrapv -O3 -Wall -target armv7a-linux-androideabi24 -fomit-frame-pointer -march=armv7-a -mfloat-abi=softfp -mfpu=vfp -mthumb -fPIC -I/home/admin/openclaw/workspace/loan-assistant/.buildozer/android/platform/build-arm64-v8a_armeabi-v7a/build/other_builds/python3/armeabi-v7a__ndk_target_24/python3/Include -DANDROID -I/home/admin/.buildozer/android/platform/android-ndk-r25b/toolchains/llvm/prebuilt/linux-x86_64/sysroot/usr/include -I/home/admin/openclaw/workspace/loan-assistant/.buildozer/android/platform/build-arm64-v8a_armeabi-v7a/build/python-installs/loanassistant/armeabi-v7a/include/python3.1 -fPIC -I/home/admin/openclaw/workspace/loan-assistant/.buildozer/android/platform/build-arm64-v8a_armeabi-v7a/build/other_builds/hostpython3/desktop/hostpython3/Include -I/home/admin/openclaw/workspace/loan-assistant/.buildozer/android/platform/build-arm64-v8a_armeabi-v7a/build/other_builds/hostpython3/desktop/hostpython3/native-build -c /home/admin/openclaw/workspace/loan-assistant/.buildozer/android/platform/build-arm64-v8a_armeabi-v7a/build/other_builds/kivy/armeabi-v7a__ndk_target_24/kivy/kivy/weakproxy.c -o build/temp.linux-x86_64-3.11/home/admin/openclaw/workspace/loan-assistant/.buildozer/android/platform/build-arm64-v8a_armeabi-v7a/build/other_builds/kivy/armeabi-v7a__ndk_target_24/kivy/kivy/weakproxy.o
[1m[90m[DEBUG][39m[0m:   	clang-14: error: no such file or directory: '/home/admin/openclaw/workspace/loan-assistant/.buildozer/android/platform/build-arm64-v8a_armeabi-v7a/build/other_builds/kivy/armeabi-v7a__ndk_target_24/kivy/kivy/_clock.c'
[1m[90m[DEBUG][39m[0m:   	clang-14: error: no input files
[1m[90m[DEBUG][39m[0m:   	building 'kivy._metrics' extension
[1m[90m[DEBUG][39m[0m:   	/home/admin/.buildozer/android/platform/android-ndk-r25b/toolchains/llvm/prebuilt/linux-x86_64/bin/clang -target armv7a-linux-androideabi24 -fomit-frame-pointer -march=armv7-a -mfloat-abi=softfp -mfpu=vfp -mthumb -fPIC -Wsign-compare -DNDEBUG -g -fwrapv -O3 -Wall -target armv7a-linux-androideabi24 -fomit-frame-pointer -march=armv7-a -mfloat-abi=softfp -mfpu=vfp -mthumb -fPIC -I/home/admin/openclaw/workspace/loan-assistant/.buildozer/android/platform/build-arm64-v8a_armeabi-v7a/build/other_builds/python3/armeabi-v7a__ndk_target_24/python3/Include -DANDROID -I/home/admin/.buildozer/android/platform/android-ndk-r25b/toolchains/llvm/prebuilt/linux-x86_64/sysroot/usr/include -I/home/admin/openclaw/workspace/loan-assistant/.buildozer/android/platform/build-arm64-v8a_armeabi-v7a/build/python-installs/loanassistant/armeabi-v7a/include/python3.1 -fPIC -I/home/admin/openclaw/workspace/loan-assistant/.buildozer/android/platform/build-arm64-v8a_armeabi-v7a/build/other_builds/kivy/armeabi-v7a__ndk_target_24/kivy/kivy/include -I/home/admin/openclaw/workspace/loan-assistant/.buildozer/android/platform/build-arm64-v8a_armeabi-v7a/build/other_builds/hostpython3/desktop/hostpython3/Include -I/home/admin/openclaw/workspace/loan-assistant/.buildozer/android/platform/build-arm64-v8a_armeabi-v7a/build/other_builds/hostpython3/desktop/hostpython3/native-build -c /home/admin/openclaw/workspace/loan-assistant/.buildozer/android/platform/build-arm64-v8a_armeabi-v7a/build/other_builds/kivy/armeabi-v7a__ndk_target_24/kivy/kivy/_metrics.c -o build/temp.linux-x86_64-3.11/home/admin/openclaw/workspace/loan-assistant/.buildozer/android/platform/build-arm64-v8a_armeabi-v7a/build/other_builds/kivy/armeabi-v7a__ndk_target_24/kivy/kivy/_metrics.o
[1m[90m[DEBUG][39m[0m:   	clang-14: error: no such file or directory: '/home/admin/openclaw/workspace/loan-assistant/.buildozer/android/platform/build-arm64-v8a_armeabi-v7a/build/other_builds/kivy/armeabi-v7a__ndk_target_24/kivy/kivy/_event.c'
[1m[90m[DEBUG][39m[0m:   	clang-14: error: no input files
[1m[90m[DEBUG][39m[0m:   	building 'kivy.graphics.buffer' extension
[1m[90m[DEBUG][39m[0m:   	creating build/temp.linux-x86_64-3.11/home/admin/openclaw/workspace/loan-assistant/.buildozer/android/platform/build-arm64-v8a_armeabi-v7a/build/other_builds/kivy/armeabi-v7a__ndk_target_24/kivy/kivy/graphics
[1m[90m[DEBUG][39m[0m:   	/home/admin/.buildozer/android/platform/android-ndk-r25b/toolchains/llvm/prebuilt/linux-x86_64/bin/clang -target armv7a-linux-androideabi24 -fomit-frame-pointer -march=armv7-a -mfloat-abi=softfp -mfpu=vfp -mthumb -fPIC -Wsign-compare -DNDEBUG -g -fwrapv -O3 -Wall -target armv7a-linux-androideabi24 -fomit-frame-pointer -march=armv7-a -mfloat-abi=softfp -mfpu=vfp -mthumb -fPIC -I/home/admin/openclaw/workspace/loan-assistant/.buildozer/android/platform/build-arm64-v8a_armeabi-v7a/build/other_builds/python3/armeabi-v7a__ndk_target_24/python3/Include -DANDROID -I/home/admin/.buildozer/android/platform/android-ndk-r25b/toolchains/llvm/prebuilt/linux-x86_64/sysroot/usr/include -I/home/admin/openclaw/workspace/loan-assistant/.buildozer/android/platform/build-arm64-v8a_armeabi-v7a/build/python-installs/loanassistant/armeabi-v7a/include/python3.1 -fPIC -I/home/admin/openclaw/workspace/loan-assistant/.buildozer/android/platform/build-arm64-v8a_armeabi-v7a/build/other_builds/kivy/armeabi-v7a__ndk_target_24/kivy/kivy/include -I/home/admin/openclaw/workspace/loan-assistant/.buildozer/android/platform/build-arm64-v8a_armeabi-v7a/build/other_builds/kivy/armeabi-v7a__ndk_target_24/kivy/kivy/include -I/home/admin/openclaw/workspace/loan-assistant/.buildozer/android/platform/build-arm64-v8a_armeabi-v7a/build/other_builds/hostpython3/desktop/hostpython3/Include -I/home/admin/openclaw/workspace/loan-assistant/.buildozer/android/platform/build-arm64-v8a_armeabi-v7a/build/other_builds/hostpython3/desktop/hostpython3/native-build -c /home/admin/openclaw/workspace/loan-assistant/.buildozer/android/platform/build-arm64-v8a_armeabi-v7a/build/other_builds/kivy/armeabi-v7a__ndk_target_24/kivy/kivy/graphics/buffer.c -o build/temp.linux-x86_64-3.11/home/admin/openclaw/workspace/loan-assistant/.buildozer/android/platform/build-arm64-v8a_armeabi-v7a/build/other_builds/kivy/armeabi-v7a__ndk_target_24/kivy/kivy/graphics/buffer.o
[1m[90m[DEBUG][39m[0m:   	clang-14: error: no such file or directory: '/home/admin/openclaw/workspace/loan-assistant/.buildozer/android/platform/build-arm64-v8a_armeabi-v7a/build/other_builds/kivy/armeabi-v7a__ndk_target_24/kivy/kivy/properties.c'
[1m[90m[DEBUG][39m[0m:   	clang-14: error: no input files
[1m[90m[DEBUG][39m[0m:   	building 'kivy.graphics.context' extension
[1m[90m[DEBUG][39m[0m:   	/home/admin/.buildozer/android/platform/android-ndk-r25b/toolchains/llvm/prebuilt/linux-x86_64/bin/clang -target armv7a-linux-androideabi24 -fomit-frame-pointer -march=armv7-a -mfloat-abi=softfp -mfpu=vfp -mthumb -fPIC -Wsign-compare -DNDEBUG -g -fwrapv -O3 -Wall -target armv7a-linux-androideabi24 -fomit-frame-pointer -march=armv7-a -mfloat-abi=softfp -mfpu=vfp -mthumb -fPIC -I/home/admin/openclaw/workspace/loan-assistant/.buildozer/android/platform/build-arm64-v8a_armeabi-v7a/build/other_builds/python3/armeabi-v7a__ndk_target_24/python3/Include -DANDROID -I/home/admin/.buildozer/android/platform/android-ndk-r25b/toolchains/llvm/prebuilt/linux-x86_64/sysroot/usr/include -I/home/admin/openclaw/workspace/loan-assistant/.buildozer/android/platform/build-arm64-v8a_armeabi-v7a/build/python-installs/loanassistant/armeabi-v7a/include/python3.1 -fPIC -I/home/admin/openclaw/workspace/loan-assistant/.buildozer/android/platform/build-arm64-v8a_armeabi-v7a/build/other_builds/kivy/armeabi-v7a__ndk_target_24/kivy/kivy/include -I/home/admin/openclaw/workspace/loan-assistant/.buildozer/android/platform/build-arm64-v8a_armeabi-v7a/build/other_builds/kivy/armeabi-v7a__ndk_target_24/kivy/kivy/include -I/home/admin/openclaw/workspace/loan-assistant/.buildozer/android/platform/build-arm64-v8a_armeabi-v7a/build/other_builds/hostpython3/desktop/hostpython3/Include -I/home/admin/openclaw/workspace/loan-assistant/.buildozer/android/platform/build-arm64-v8a_armeabi-v7a/build/other_builds/hostpython3/desktop/hostpython3/native-build -c /home/admin/openclaw/workspace/loan-assistant/.buildozer/android/platform/build-arm64-v8a_armeabi-v7a/build/other_builds/kivy/armeabi-v7a__ndk_target_24/kivy/kivy/graphics/context.c -o build/temp.linux-x86_64-3.11/home/admin/openclaw/workspace/loan-assistant/.buildozer/android/platform/build-arm64-v8a_armeabi-v7a/build/other_builds/kivy/armeabi-v7a__ndk_target_24/kivy/kivy/graphics/context.o
[1m[90m[DEBUG][39m[0m:   	clang-14: error: no such file or directory: '/home/admin/openclaw/workspace/loan-assistant/.buildozer/android/platform/build-arm64-v8a_armeabi-v7a/build/other_builds/kivy/armeabi-v7a__ndk_target_24/kivy/kivy/weakproxy.c'
[1m[90m[DEBUG][39m[0m:   	clang-14: error: no input files
[1m[90m[DEBUG][39m[0m:   	building 'kivy.graphics.compiler' extension
[1m[90m[DEBUG][39m[0m:   	/home/admin/.buildozer/android/platform/android-ndk-r25b/toolchains/llvm/prebuilt/linux-x86_64/bin/clang -target armv7a-linux-androideabi24 -fomit-frame-pointer -march=armv7-a -mfloat-abi=softfp -mfpu=vfp -mthumb -fPIC -Wsign-compare -DNDEBUG -g -fwrapv -O3 -Wall -target armv7a-linux-androideabi24 -fomit-frame-pointer -march=armv7-a -mfloat-abi=softfp -mfpu=vfp -mthumb -fPIC -I/home/admin/openclaw/workspace/loan-assistant/.buildozer/android/platform/build-arm64-v8a_armeabi-v7a/build/other_builds/python3/armeabi-v7a__ndk_target_24/python3/Include -DANDROID -I/home/admin/.buildozer/android/platform/android-ndk-r25b/toolchains/llvm/prebuilt/linux-x86_64/sysroot/usr/include -I/home/admin/openclaw/workspace/loan-assistant/.buildozer/android/platform/build-arm64-v8a_armeabi-v7a/build/python-installs/loanassistant/armeabi-v7a/include/python3.1 -fPIC -I/home/admin/openclaw/workspace/loan-assistant/.buildozer/android/platform/build-arm64-v8a_armeabi-v7a/build/other_builds/kivy/armeabi-v7a__ndk_target_24/kivy/kivy/include -I/home/admin/openclaw/workspace/loan-assistant/.buildozer/android/platform/build-arm64-v8a_armeabi-v7a/build/other_builds/kivy/armeabi-v7a__ndk_target_24/kivy/kivy/include -I/home/admin/openclaw/workspace/loan-assistant/.buildozer/android/platform/build-arm64-v8a_armeabi-v7a/build/other_builds/hostpython3/desktop/hostpython3/Include -I/home/admin/openclaw/workspace/loan-assistant/.buildozer/android/platform/build-arm64-v8a_armeabi-v7a/build/other_builds/hostpython3/desktop/hostpython3/native-build -c /home/admin/openclaw/workspace/loan-assistant/.buildozer/android/platform/build-arm64-v8a_armeabi-v7a/build/other_builds/kivy/armeabi-v7a__ndk_target_24/kivy/kivy/graphics/compiler.c -o build/temp.linux-x86_64-3.11/home/admin/openclaw/workspace/loan-assistant/.buildozer/android/platform/build-arm64-v8a_armeabi-v7a/build/other_builds/kivy/armeabi-v7a__ndk_target_24/kivy/kivy/graphics/compiler.o
[1m[90m[DEBUG][39m[0m:   	clang-14: error: no such file or directory: '/home/admin/openclaw/workspace/loan-assistant/.buildozer/android/platform/build-arm64-v8a_armeabi-v7a/build/other_builds/kivy/armeabi-v7a__ndk_target_24/kivy/kivy/_metrics.c'
[1m[90m[DEBUG][39m[0m:   	clang-14: error: no input files
[1m[90m[DEBUG][39m[0m:   	building 'kivy.graphics.context_instructions' extension
[1m[90m[DEBUG][39m[0m:   	/home/admin/.buildozer/android/platform/android-ndk-r25b/toolchains/llvm/prebuilt/linux-x86_64/bin/clang -target armv7a-linux-androideabi24 -fomit-frame-pointer -march=armv7-a -mfloat-abi=softfp -mfpu=vfp -mthumb -fPIC -Wsign-compare -DNDEBUG -g -fwrapv -O3 -Wall -target armv7a-linux-androideabi24 -fomit-frame-pointer -march=armv7-a -mfloat-abi=softfp -mfpu=vfp -mthumb -fPIC -I/home/admin/openclaw/workspace/loan-assistant/.buildozer/android/platform/build-arm64-v8a_armeabi-v7a/build/other_builds/python3/armeabi-v7a__ndk_target_24/python3/Include -DANDROID -I/home/admin/.buildozer/android/platform/android-ndk-r25b/toolchains/llvm/prebuilt/linux-x86_64/sysroot/usr/include -I/home/admin/openclaw/workspace/loan-assistant/.buildozer/android/platform/build-arm64-v8a_armeabi-v7a/build/python-installs/loanassistant/armeabi-v7a/include/python3.1 -fPIC -I/home/admin/openclaw/workspace/loan-assistant/.buildozer/android/platform/build-arm64-v8a_armeabi-v7a/build/other_builds/kivy/armeabi-v7a__ndk_target_24/kivy/kivy/include -I/home/admin/openclaw/workspace/loan-assistant/.buildozer/android/platform/build-arm64-v8a_armeabi-v7a/build/other_builds/kivy/armeabi-v7a__ndk_target_24/kivy/kivy/include -I/home/admin/openclaw/workspace/loan-assistant/.buildozer/android/platform/build-arm64-v8a_armeabi-v7a/build/other_builds/hostpython3/desktop/hostpython3/Include -I/home/admin/openclaw/workspace/loan-assistant/.buildozer/android/platform/build-arm64-v8a_armeabi-v7a/build/other_builds/hostpython3/desktop/hostpython3/native-build -c /home/admin/openclaw/workspace/loan-assistant/.buildozer/android/platform/build-arm64-v8a_armeabi-v7a/build/other_builds/kivy/armeabi-v7a__ndk_target_24/kivy/kivy/graphics/context_instructions.c -o build/temp.linux-x86_64-3.11/home/admin/openclaw/workspace/loan-assistant/.buildozer/android/platform/build-arm64-v8a_armeabi-v7a/build/other_builds/kivy/armeabi-v7a__ndk_target_24/kivy/kivy/graphics/context_instructions.o
[1m[90m[DEBUG][39m[0m:   	clang-14: error: no such file or directory: '/home/admin/openclaw/workspace/loan-assistant/.buildozer/android/platform/build-arm64-v8a_armeabi-v7a/build/other_builds/kivy/armeabi-v7a__ndk_target_24/kivy/kivy/graphics/compiler.c'
[1m[90m[DEBUG][39m[0m:   	clang-14: error: no input files
[1m[90m[DEBUG][39m[0m:   	clang-14: error: no such file or directory: '/home/admin/openclaw/workspace/loan-assistant/.buildozer/android/platform/build-arm64-v8a_armeabi-v7a/build/other_builds/kivy/armeabi-v7a__ndk_target_24/kivy/kivy/graphics/buffer.c'
[1m[90m[DEBUG][39m[0m:   	clang-14: error: no input files
[1m[90m[DEBUG][39m[0m:   	building 'kivy.graphics.fbo' extension
[1m[90m[DEBUG][39m[0m:   	/home/admin/.buildozer/android/platform/android-ndk-r25b/toolchains/llvm/prebuilt/linux-x86_64/bin/clang -target armv7a-linux-androideabi24 -fomit-frame-pointer -march=armv7-a -mfloat-abi=softfp -mfpu=vfp -mthumb -fPIC -Wsign-compare -DNDEBUG -g -fwrapv -O3 -Wall -target armv7a-linux-androideabi24 -fomit-frame-pointer -march=armv7-a -mfloat-abi=softfp -mfpu=vfp -mthumb -fPIC -I/home/admin/openclaw/workspace/loan-assistant/.buildozer/android/platform/build-arm64-v8a_armeabi-v7a/build/other_builds/python3/armeabi-v7a__ndk_target_24/python3/Include -DANDROID -I/home/admin/.buildozer/android/platform/android-ndk-r25b/toolchains/llvm/prebuilt/linux-x86_64/sysroot/usr/include -I/home/admin/openclaw/workspace/loan-assistant/.buildozer/android/platform/build-arm64-v8a_armeabi-v7a/build/python-installs/loanassistant/armeabi-v7a/include/python3.1 -fPIC -I/home/admin/openclaw/workspace/loan-assistant/.buildozer/android/platform/build-arm64-v8a_armeabi-v7a/build/other_builds/kivy/armeabi-v7a__ndk_target_24/kivy/kivy/include -I/home/admin/openclaw/workspace/loan-assistant/.buildozer/android/platform/build-arm64-v8a_armeabi-v7a/build/other_builds/kivy/armeabi-v7a__ndk_target_24/kivy/kivy/include -I/home/admin/openclaw/workspace/loan-assistant/.buildozer/android/platform/build-arm64-v8a_armeabi-v7a/build/other_builds/hostpython3/desktop/hostpython3/Include -I/home/admin/openclaw/workspace/loan-assistant/.buildozer/android/platform/build-arm64-v8a_armeabi-v7a/build/other_builds/hostpython3/desktop/hostpython3/native-build -c /home/admin/openclaw/workspace/loan-assistant/.buildozer/android/platform/build-arm64-v8a_armeabi-v7a/build/other_builds/kivy/armeabi-v7a__ndk_target_24/kivy/kivy/graphics/fbo.c -o build/temp.linux-x86_64-3.11/home/admin/openclaw/workspace/loan-assistant/.buildozer/android/platform/build-arm64-v8a_armeabi-v7a/build/other_builds/kivy/armeabi-v7a__ndk_target_24/kivy/kivy/graphics/fbo.o
[1m[90m[DEBUG][39m[0m:   	building 'kivy.graphics.gl_instructions' extension
[1m[90m[DEBUG][39m[0m:   	/home/admin/.buildozer/android/platform/android-ndk-r25b/toolchains/llvm/prebuilt/linux-x86_64/bin/clang -target armv7a-linux-androideabi24 -fomit-frame-pointer -march=armv7-a -mfloat-abi=softfp -mfpu=vfp -mthumb -fPIC -Wsign-compare -DNDEBUG -g -fwrapv -O3 -Wall -target armv7a-linux-androideabi24 -fomit-frame-pointer -march=armv7-a -mfloat-abi=softfp -mfpu=vfp -mthumb -fPIC -I/home/admin/openclaw/workspace/loan-assistant/.buildozer/android/platform/build-arm64-v8a_armeabi-v7a/build/other_builds/python3/armeabi-v7a__ndk_target_24/python3/Include -DANDROID -I/home/admin/.buildozer/android/platform/android-ndk-r25b/toolchains/llvm/prebuilt/linux-x86_64/sysroot/usr/include -I/home/admin/openclaw/workspace/loan-assistant/.buildozer/android/platform/build-arm64-v8a_armeabi-v7a/build/python-installs/loanassistant/armeabi-v7a/include/python3.1 -fPIC -I/home/admin/openclaw/workspace/loan-assistant/.buildozer/android/platform/build-arm64-v8a_armeabi-v7a/build/other_builds/kivy/armeabi-v7a__ndk_target_24/kivy/kivy/include -I/home/admin/openclaw/workspace/loan-assistant/.buildozer/android/platform/build-arm64-v8a_armeabi-v7a/build/other_builds/kivy/armeabi-v7a__ndk_target_24/kivy/kivy/include -I/home/admin/openclaw/workspace/loan-assistant/.buildozer/android/platform/build-arm64-v8a_armeabi-v7a/build/other_builds/hostpython3/desktop/hostpython3/Include -I/home/admin/openclaw/workspace/loan-assistant/.buildozer/android/platform/build-arm64-v8a_armeabi-v7a/build/other_builds/hostpython3/desktop/hostpython3/native-build -c /home/admin/openclaw/workspace/loan-assistant/.buildozer/android/platform/build-arm64-v8a_armeabi-v7a/build/other_builds/kivy/armeabi-v7a__ndk_target_24/kivy/kivy/graphics/gl_instructions.c -o build/temp.linux-x86_64-3.11/home/admin/openclaw/workspace/loan-assistant/.buildozer/android/platform/build-arm64-v8a_armeabi-v7a/build/other_builds/kivy/armeabi-v7a__ndk_target_24/kivy/kivy/graphics/gl_instructions.o
[1m[90m[DEBUG][39m[0m:   	clang-14: error: no such file or directory: '/home/admin/openclaw/workspace/loan-assistant/.buildozer/android/platform/build-arm64-v8a_armeabi-v7a/build/other_builds/kivy/armeabi-v7a__ndk_target_24/kivy/kivy/graphics/context.c'
[1m[90m[DEBUG][39m[0m:   	clang-14: error: no such file or directory: '/home/admin/openclaw/workspace/loan-assistant/.buildozer/android/platform/build-arm64-v8a_armeabi-v7a/build/other_builds/kivy/armeabi-v7a__ndk_target_24/kivy/kivy/graphics/context_instructions.c'
[1m[90m[DEBUG][39m[0m:   	clang-14: error: no input files
[1m[90m[DEBUG][39m[0m:   	clang-14: error: no input files
[1m[90m[DEBUG][39m[0m:   	building 'kivy.graphics.instructions' extension
[1m[90m[DEBUG][39m[0m:   	/home/admin/.buildozer/android/platform/android-ndk-r25b/toolchains/llvm/prebuilt/linux-x86_64/bin/clang -target armv7a-linux-androideabi24 -fomit-frame-pointer -march=armv7-a -mfloat-abi=softfp -mfpu=vfp -mthumb -fPIC -Wsign-compare -DNDEBUG -g -fwrapv -O3 -Wall -target armv7a-linux-androideabi24 -fomit-frame-pointer -march=armv7-a -mfloat-abi=softfp -mfpu=vfp -mthumb -fPIC -I/home/admin/openclaw/workspace/loan-assistant/.buildozer/android/platform/build-arm64-v8a_armeabi-v7a/build/other_builds/python3/armeabi-v7a__ndk_target_24/python3/Include -DANDROID -I/home/admin/.buildozer/android/platform/android-ndk-r25b/toolchains/llvm/prebuilt/linux-x86_64/sysroot/usr/include -I/home/admin/openclaw/workspace/loan-assistant/.buildozer/android/platform/build-arm64-v8a_armeabi-v7a/build/python-installs/loanassistant/armeabi-v7a/include/python3.1 -fPIC -I/home/admin/openclaw/workspace/loan-assistant/.buildozer/android/platform/build-arm64-v8a_armeabi-v7a/build/other_builds/kivy/armeabi-v7a__ndk_target_24/kivy/kivy/include -I/home/admin/openclaw/workspace/loan-assistant/.buildozer/android/platform/build-arm64-v8a_armeabi-v7a/build/other_builds/kivy/armeabi-v7a__ndk_target_24/kivy/kivy/include -I/home/admin/openclaw/workspace/loan-assistant/.buildozer/android/platform/build-arm64-v8a_armeabi-v7a/build/other_builds/hostpython3/desktop/hostpython3/Include -I/home/admin/openclaw/workspace/loan-assistant/.buildozer/android/platform/build-arm64-v8a_armeabi-v7a/build/other_builds/hostpython3/desktop/hostpython3/native-build -c /home/admin/openclaw/workspace/loan-assistant/.buildozer/android/platform/build-arm64-v8a_armeabi-v7a/build/other_builds/kivy/armeabi-v7a__ndk_target_24/kivy/kivy/graphics/instructions.c -o build/temp.linux-x86_64-3.11/home/admin/openclaw/workspace/loan-assistant/.buildozer/android/platform/build-arm64-v8a_armeabi-v7a/build/other_builds/kivy/armeabi-v7a__ndk_target_24/kivy/kivy/graphics/instructions.o
[1m[90m[DEBUG][39m[0m:   	building 'kivy.graphics.opengl' extension
[1m[90m[DEBUG][39m[0m:   	/home/admin/.buildozer/android/platform/android-ndk-r25b/toolchains/llvm/prebuilt/linux-x86_64/bin/clang -target armv7a-linux-androideabi24 -fomit-frame-pointer -march=armv7-a -mfloat-abi=softfp -mfpu=vfp -mthumb -fPIC -Wsign-compare -DNDEBUG -g -fwrapv -O3 -Wall -target armv7a-linux-androideabi24 -fomit-frame-pointer -march=armv7-a -mfloat-abi=softfp -mfpu=vfp -mthumb -fPIC -I/home/admin/openclaw/workspace/loan-assistant/.buildozer/android/platform/build-arm64-v8a_armeabi-v7a/build/other_builds/python3/armeabi-v7a__ndk_target_24/python3/Include -DANDROID -I/home/admin/.buildozer/android/platform/android-ndk-r25b/toolchains/llvm/prebuilt/linux-x86_64/sysroot/usr/include -I/home/admin/openclaw/workspace/loan-assistant/.buildozer/android/platform/build-arm64-v8a_armeabi-v7a/build/python-installs/loanassistant/armeabi-v7a/include/python3.1 -fPIC -I/home/admin/openclaw/workspace/loan-assistant/.buildozer/android/platform/build-arm64-v8a_armeabi-v7a/build/other_builds/kivy/armeabi-v7a__ndk_target_24/kivy/kivy/include -I/home/admin/openclaw/workspace/loan-assistant/.buildozer/android/platform/build-arm64-v8a_armeabi-v7a/build/other_builds/kivy/armeabi-v7a__ndk_target_24/kivy/kivy/include -I/home/admin/openclaw/workspace/loan-assistant/.buildozer/android/platform/build-arm64-v8a_armeabi-v7a/build/other_builds/hostpython3/desktop/hostpython3/Include -I/home/admin/openclaw/workspace/loan-assistant/.buildozer/android/platform/build-arm64-v8a_armeabi-v7a/build/other_builds/hostpython3/desktop/hostpython3/native-build -c /home/admin/openclaw/workspace/loan-assistant/.buildozer/android/platform/build-arm64-v8a_armeabi-v7a/build/other_builds/kivy/armeabi-v7a__ndk_target_24/kivy/kivy/graphics/opengl.c -o build/temp.linux-x86_64-3.11/home/admin/openclaw/workspace/loan-assistant/.buildozer/android/platform/build-arm64-v8a_armeabi-v7a/build/other_builds/kivy/armeabi-v7a__ndk_target_24/kivy/kivy/graphics/opengl.o
[1m[90m[DEBUG][39m[0m:   	clang-14: error: no such file or directory: '/home/admin/openclaw/workspace/loan-assistant/.buildozer/android/platform/build-arm64-v8a_armeabi-v7a/build/other_builds/kivy/armeabi-v7a__ndk_target_24/kivy/kivy/graphics/fbo.c'
[1m[90m[DEBUG][39m[0m:   	clang-14: error: no input files
[1m[90m[DEBUG][39m[0m:   	building 'kivy.graphics.opengl_utils' extension
[1m[90m[DEBUG][39m[0m:   	/home/admin/.buildozer/android/platform/android-ndk-r25b/toolchains/llvm/prebuilt/linux-x86_64/bin/clang -target armv7a-linux-androideabi24 -fomit-frame-pointer -march=armv7-a -mfloat-abi=softfp -mfpu=vfp -mthumb -fPIC -Wsign-compare -DNDEBUG -g -fwrapv -O3 -Wall -target armv7a-linux-androideabi24 -fomit-frame-pointer -march=armv7-a -mfloat-abi=softfp -mfpu=vfp -mthumb -fPIC -I/home/admin/openclaw/workspace/loan-assistant/.buildozer/android/platform/build-arm64-v8a_armeabi-v7a/build/other_builds/python3/armeabi-v7a__ndk_target_24/python3/Include -DANDROID -I/home/admin/.buildozer/android/platform/android-ndk-r25b/toolchains/llvm/prebuilt/linux-x86_64/sysroot/usr/include -I/home/admin/openclaw/workspace/loan-assistant/.buildozer/android/platform/build-arm64-v8a_armeabi-v7a/build/python-installs/loanassistant/armeabi-v7a/include/python3.1 -fPIC -I/home/admin/openclaw/workspace/loan-assistant/.buildozer/android/platform/build-arm64-v8a_armeabi-v7a/build/other_builds/kivy/armeabi-v7a__ndk_target_24/kivy/kivy/include -I/home/admin/openclaw/workspace/loan-assistant/.buildozer/android/platform/build-arm64-v8a_armeabi-v7a/build/other_builds/kivy/armeabi-v7a__ndk_target_24/kivy/kivy/include -I/home/admin/openclaw/workspace/loan-assistant/.buildozer/android/platform/build-arm64-v8a_armeabi-v7a/build/other_builds/hostpython3/desktop/hostpython3/Include -I/home/admin/openclaw/workspace/loan-assistant/.buildozer/android/platform/build-arm64-v8a_armeabi-v7a/build/other_builds/hostpython3/desktop/hostpython3/native-build -c /home/admin/openclaw/workspace/loan-assistant/.buildozer/android/platform/build-arm64-v8a_armeabi-v7a/build/other_builds/kivy/armeabi-v7a__ndk_target_24/kivy/kivy/graphics/opengl_utils.c -o build/temp.linux-x86_64-3.11/home/admin/openclaw/workspace/loan-assistant/.buildozer/android/platform/build-arm64-v8a_armeabi-v7a/build/other_builds/kivy/armeabi-v7a__ndk_target_24/kivy/kivy/graphics/opengl_utils.o
[1m[90m[DEBUG][39m[0m:   	clang-14: error: no such file or directory: '/home/admin/openclaw/workspace/loan-assistant/.buildozer/android/platform/build-arm64-v8a_armeabi-v7a/build/other_builds/kivy/armeabi-v7a__ndk_target_24/kivy/kivy/graphics/gl_instructions.c'
[1m[90m[DEBUG][39m[0m:   	clang-14: error: no input files
[1m[90m[DEBUG][39m[0m:   	building 'kivy.graphics.shader' extension
[1m[90m[DEBUG][39m[0m:   	/home/admin/.buildozer/android/platform/android-ndk-r25b/toolchains/llvm/prebuilt/linux-x86_64/bin/clang -target armv7a-linux-androideabi24 -fomit-frame-pointer -march=armv7-a -mfloat-abi=softfp -mfpu=vfp -mthumb -fPIC -Wsign-compare -DNDEBUG -g -fwrapv -O3 -Wall -target armv7a-linux-androideabi24 -fomit-frame-pointer -march=armv7-a -mfloat-abi=softfp -mfpu=vfp -mthumb -fPIC -I/home/admin/openclaw/workspace/loan-assistant/.buildozer/android/platform/build-arm64-v8a_armeabi-v7a/build/other_builds/python3/armeabi-v7a__ndk_target_24/python3/Include -DANDROID -I/home/admin/.buildozer/android/platform/android-ndk-r25b/toolchains/llvm/prebuilt/linux-x86_64/sysroot/usr/include -I/home/admin/openclaw/workspace/loan-assistant/.buildozer/android/platform/build-arm64-v8a_armeabi-v7a/build/python-installs/loanassistant/armeabi-v7a/include/python3.1 -fPIC -I/home/admin/openclaw/workspace/loan-assistant/.buildozer/android/platform/build-arm64-v8a_armeabi-v7a/build/other_builds/kivy/armeabi-v7a__ndk_target_24/kivy/kivy/include -I/home/admin/openclaw/workspace/loan-assistant/.buildozer/android/platform/build-arm64-v8a_armeabi-v7a/build/other_builds/kivy/armeabi-v7a__ndk_target_24/kivy/kivy/include -I/home/admin/openclaw/workspace/loan-assistant/.buildozer/android/platform/build-arm64-v8a_armeabi-v7a/build/other_builds/hostpython3/desktop/hostpython3/Include -I/home/admin/openclaw/workspace/loan-assistant/.buildozer/android/platform/build-arm64-v8a_armeabi-v7a/build/other_builds/hostpython3/desktop/hostpython3/native-build -c /home/admin/openclaw/workspace/loan-assistant/.buildozer/android/platform/build-arm64-v8a_armeabi-v7a/build/other_builds/kivy/armeabi-v7a__ndk_target_24/kivy/kivy/graphics/shader.c -o build/temp.linux-x86_64-3.11/home/admin/openclaw/workspace/loan-assistant/.buildozer/android/platform/build-arm64-v8a_armeabi-v7a/build/other_builds/kivy/armeabi-v7a__ndk_target_24/kivy/kivy/graphics/shader.o
[1m[90m[DEBUG][39m[0m:   	clang-14: error: no such file or directory: '/home/admin/openclaw/workspace/loan-assistant/.buildozer/android/platform/build-arm64-v8a_armeabi-v7a/build/other_builds/kivy/armeabi-v7a__ndk_target_24/kivy/kivy/graphics/instructions.c'
[1m[90m[DEBUG][39m[0m:   	clang-14: error: no input files
[1m[90m[DEBUG][39m[0m:   	building 'kivy.graphics.stencil_instructions' extension
[1m[90m[DEBUG][39m[0m:   	/home/admin/.buildozer/android/platform/android-ndk-r25b/toolchains/llvm/prebuilt/linux-x86_64/bin/clang -target armv7a-linux-androideabi24 -fomit-frame-pointer -march=armv7-a -mfloat-abi=softfp -mfpu=vfp -mthumb -fPIC -Wsign-compare -DNDEBUG -g -fwrapv -O3 -Wall -target armv7a-linux-androideabi24 -fomit-frame-pointer -march=armv7-a -mfloat-abi=softfp -mfpu=vfp -mthumb -fPIC -I/home/admin/openclaw/workspace/loan-assistant/.buildozer/android/platform/build-arm64-v8a_armeabi-v7a/build/other_builds/python3/armeabi-v7a__ndk_target_24/python3/Include -DANDROID -I/home/admin/.buildozer/android/platform/android-ndk-r25b/toolchains/llvm/prebuilt/linux-x86_64/sysroot/usr/include -I/home/admin/openclaw/workspace/loan-assistant/.buildozer/android/platform/build-arm64-v8a_armeabi-v7a/build/python-installs/loanassistant/armeabi-v7a/include/python3.1 -fPIC -I/home/admin/openclaw/workspace/loan-assistant/.buildozer/android/platform/build-arm64-v8a_armeabi-v7a/build/other_builds/kivy/armeabi-v7a__ndk_target_24/kivy/kivy/include -I/home/admin/openclaw/workspace/loan-assistant/.buildozer/android/platform/build-arm64-v8a_armeabi-v7a/build/other_builds/kivy/armeabi-v7a__ndk_target_24/kivy/kivy/include -I/home/admin/openclaw/workspace/loan-assistant/.buildozer/android/platform/build-arm64-v8a_armeabi-v7a/build/other_builds/hostpython3/desktop/hostpython3/Include -I/home/admin/openclaw/workspace/loan-assistant/.buildozer/android/platform/build-arm64-v8a_armeabi-v7a/build/other_builds/hostpython3/desktop/hostpython3/native-build -c /home/admin/openclaw/workspace/loan-assistant/.buildozer/android/platform/build-arm64-v8a_armeabi-v7a/build/other_builds/kivy/armeabi-v7a__ndk_target_24/kivy/kivy/graphics/stencil_instructions.c -o build/temp.linux-x86_64-3.11/home/admin/openclaw/workspace/loan-assistant/.buildozer/android/platform/build-arm64-v8a_armeabi-v7a/build/other_builds/kivy/armeabi-v7a__ndk_target_24/kivy/kivy/graphics/stencil_instructions.o
[1m[90m[DEBUG][39m[0m:   	clang-14: error: no such file or directory: '/home/admin/openclaw/workspace/loan-assistant/.buildozer/android/platform/build-arm64-v8a_armeabi-v7a/build/other_builds/kivy/armeabi-v7a__ndk_target_24/kivy/kivy/graphics/opengl_utils.c'
[1m[90m[DEBUG][39m[0m:   	clang-14: error: no input files
[1m[90m[DEBUG][39m[0m:   	building 'kivy.graphics.scissor_instructions' extension
[1m[90m[DEBUG][39m[0m:   	/home/admin/.buildozer/android/platform/android-ndk-r25b/toolchains/llvm/prebuilt/linux-x86_64/bin/clang -target armv7a-linux-androideabi24 -fomit-frame-pointer -march=armv7-a -mfloat-abi=softfp -mfpu=vfp -mthumb -fPIC -Wsign-compare -DNDEBUG -g -fwrapv -O3 -Wall -target armv7a-linux-androideabi24 -fomit-frame-pointer -march=armv7-a -mfloat-abi=softfp -mfpu=vfp -mthumb -fPIC -I/home/admin/openclaw/workspace/loan-assistant/.buildozer/android/platform/build-arm64-v8a_armeabi-v7a/build/other_builds/python3/armeabi-v7a__ndk_target_24/python3/Include -DANDROID -I/home/admin/.buildozer/android/platform/android-ndk-r25b/toolchains/llvm/prebuilt/linux-x86_64/sysroot/usr/include -I/home/admin/openclaw/workspace/loan-assistant/.buildozer/android/platform/build-arm64-v8a_armeabi-v7a/build/python-installs/loanassistant/armeabi-v7a/include/python3.1 -fPIC -I/home/admin/openclaw/workspace/loan-assistant/.buildozer/android/platform/build-arm64-v8a_armeabi-v7a/build/other_builds/kivy/armeabi-v7a__ndk_target_24/kivy/kivy/include -I/home/admin/openclaw/workspace/loan-assistant/.buildozer/android/platform/build-arm64-v8a_armeabi-v7a/build/other_builds/kivy/armeabi-v7a__ndk_target_24/kivy/kivy/include -I/home/admin/openclaw/workspace/loan-assistant/.buildozer/android/platform/build-arm64-v8a_armeabi-v7a/build/other_builds/hostpython3/desktop/hostpython3/Include -I/home/admin/openclaw/workspace/loan-assistant/.buildozer/android/platform/build-arm64-v8a_armeabi-v7a/build/other_builds/hostpython3/desktop/hostpython3/native-build -c /home/admin/openclaw/workspace/loan-assistant/.buildozer/android/platform/build-arm64-v8a_armeabi-v7a/build/other_builds/kivy/armeabi-v7a__ndk_target_24/kivy/kivy/graphics/scissor_instructions.c -o build/temp.linux-x86_64-3.11/home/admin/openclaw/workspace/loan-assistant/.buildozer/android/platform/build-arm64-v8a_armeabi-v7a/build/other_builds/kivy/armeabi-v7a__ndk_target_24/kivy/kivy/graphics/scissor_instructions.o
[1m[90m[DEBUG][39m[0m:   	clang-14: error: no such file or directory: '/home/admin/openclaw/workspace/loan-assistant/.buildozer/android/platform/build-arm64-v8a_armeabi-v7a/build/other_builds/kivy/armeabi-v7a__ndk_target_24/kivy/kivy/graphics/shader.c'
[1m[90m[DEBUG][39m[0m:   	clang-14: error: no input files
[1m[90m[DEBUG][39m[0m:   	building 'kivy.graphics.texture' extension
[1m[90m[DEBUG][39m[0m:   	/home/admin/.buildozer/android/platform/android-ndk-r25b/toolchains/llvm/prebuilt/linux-x86_64/bin/clang -target armv7a-linux-androideabi24 -fomit-frame-pointer -march=armv7-a -mfloat-abi=softfp -mfpu=vfp -mthumb -fPIC -Wsign-compare -DNDEBUG -g -fwrapv -O3 -Wall -target armv7a-linux-androideabi24 -fomit-frame-pointer -march=armv7-a -mfloat-abi=softfp -mfpu=vfp -mthumb -fPIC -I/home/admin/openclaw/workspace/loan-assistant/.buildozer/android/platform/build-arm64-v8a_armeabi-v7a/build/other_builds/python3/armeabi-v7a__ndk_target_24/python3/Include -DANDROID -I/home/admin/.buildozer/android/platform/android-ndk-r25b/toolchains/llvm/prebuilt/linux-x86_64/sysroot/usr/include -I/home/admin/openclaw/workspace/loan-assistant/.buildozer/android/platform/build-arm64-v8a_armeabi-v7a/build/python-installs/loanassistant/armeabi-v7a/include/python3.1 -fPIC -I/home/admin/openclaw/workspace/loan-assistant/.buildozer/android/platform/build-arm64-v8a_armeabi-v7a/build/other_builds/kivy/armeabi-v7a__ndk_target_24/kivy/kivy/include -I/home/admin/openclaw/workspace/loan-assistant/.buildozer/android/platform/build-arm64-v8a_armeabi-v7a/build/other_builds/kivy/armeabi-v7a__ndk_target_24/kivy/kivy/include -I/home/admin/openclaw/workspace/loan-assistant/.buildozer/android/platform/build-arm64-v8a_armeabi-v7a/build/other_builds/hostpython3/desktop/hostpython3/Include -I/home/admin/openclaw/workspace/loan-assistant/.buildozer/android/platform/build-arm64-v8a_armeabi-v7a/build/other_builds/hostpython3/desktop/hostpython3/native-build -c /home/admin/openclaw/workspace/loan-assistant/.buildozer/android/platform/build-arm64-v8a_armeabi-v7a/build/other_builds/kivy/armeabi-v7a__ndk_target_24/kivy/kivy/graphics/texture.c -o build/temp.linux-x86_64-3.11/home/admin/openclaw/workspace/loan-assistant/.buildozer/android/platform/build-arm64-v8a_armeabi-v7a/build/other_builds/kivy/armeabi-v7a__ndk_target_24/kivy/kivy/graphics/texture.o
[1m[90m[DEBUG][39m[0m:   	clang-14: error: no such file or directory: '/home/admin/openclaw/workspace/loan-assistant/.buildozer/android/platform/build-arm64-v8a_armeabi-v7a/build/other_builds/kivy/armeabi-v7a__ndk_target_24/kivy/kivy/graphics/stencil_instructions.c'
[1m[90m[DEBUG][39m[0m:   	clang-14: error: no input files
[1m[90m[DEBUG][39m[0m:   	building 'kivy.graphics.transformation' extension
[1m[90m[DEBUG][39m[0m:   	/home/admin/.buildozer/android/platform/android-ndk-r25b/toolchains/llvm/prebuilt/linux-x86_64/bin/clang -target armv7a-linux-androideabi24 -fomit-frame-pointer -march=armv7-a -mfloat-abi=softfp -mfpu=vfp -mthumb -fPIC -Wsign-compare -DNDEBUG -g -fwrapv -O3 -Wall -target armv7a-linux-androideabi24 -fomit-frame-pointer -march=armv7-a -mfloat-abi=softfp -mfpu=vfp -mthumb -fPIC -I/home/admin/openclaw/workspace/loan-assistant/.buildozer/android/platform/build-arm64-v8a_armeabi-v7a/build/other_builds/python3/armeabi-v7a__ndk_target_24/python3/Include -DANDROID -I/home/admin/.buildozer/android/platform/android-ndk-r25b/toolchains/llvm/prebuilt/linux-x86_64/sysroot/usr/include -I/home/admin/openclaw/workspace/loan-assistant/.buildozer/android/platform/build-arm64-v8a_armeabi-v7a/build/python-installs/loanassistant/armeabi-v7a/include/python3.1 -fPIC -I/home/admin/openclaw/workspace/loan-assistant/.buildozer/android/platform/build-arm64-v8a_armeabi-v7a/build/other_builds/kivy/armeabi-v7a__ndk_target_24/kivy/kivy/include -I/home/admin/openclaw/workspace/loan-assistant/.buildozer/android/platform/build-arm64-v8a_armeabi-v7a/build/other_builds/kivy/armeabi-v7a__ndk_target_24/kivy/kivy/include -I/home/admin/openclaw/workspace/loan-assistant/.buildozer/android/platform/build-arm64-v8a_armeabi-v7a/build/other_builds/hostpython3/desktop/hostpython3/Include -I/home/admin/openclaw/workspace/loan-assistant/.buildozer/android/platform/build-arm64-v8a_armeabi-v7a/build/other_builds/hostpython3/desktop/hostpython3/native-build -c /home/admin/openclaw/workspace/loan-assistant/.buildozer/android/platform/build-arm64-v8a_armeabi-v7a/build/other_builds/kivy/armeabi-v7a__ndk_target_24/kivy/kivy/graphics/transformation.c -o build/temp.linux-x86_64-3.11/home/admin/openclaw/workspace/loan-assistant/.buildozer/android/platform/build-arm64-v8a_armeabi-v7a/build/other_builds/kivy/armeabi-v7a__ndk_target_24/kivy/kivy/graphics/transformation.o
[1m[90m[DEBUG][39m[0m:   	clang-14: error: no such file or directory: '/home/admin/openclaw/workspace/loan-assistant/.buildozer/android/platform/build-arm64-v8a_armeabi-v7a/build/other_builds/kivy/armeabi-v7a__ndk_target_24/kivy/kivy/graphics/opengl.c'
[1m[90m[DEBUG][39m[0m:   	clang-14: error: no input files
[1m[90m[DEBUG][39m[0m:   	building 'kivy.graphics.vbo' extension
[1m[90m[DEBUG][39m[0m:   	/home/admin/.buildozer/android/platform/android-ndk-r25b/toolchains/llvm/prebuilt/linux-x86_64/bin/clang -target armv7a-linux-androideabi24 -fomit-frame-pointer -march=armv7-a -mfloat-abi=softfp -mfpu=vfp -mthumb -fPIC -Wsign-compare -DNDEBUG -g -fwrapv -O3 -Wall -target armv7a-linux-androideabi24 -fomit-frame-pointer -march=armv7-a -mfloat-abi=softfp -mfpu=vfp -mthumb -fPIC -I/home/admin/openclaw/workspace/loan-assistant/.buildozer/android/platform/build-arm64-v8a_armeabi-v7a/build/other_builds/python3/armeabi-v7a__ndk_target_24/python3/Include -DANDROID -I/home/admin/.buildozer/android/platform/android-ndk-r25b/toolchains/llvm/prebuilt/linux-x86_64/sysroot/usr/include -I/home/admin/openclaw/workspace/loan-assistant/.buildozer/android/platform/build-arm64-v8a_armeabi-v7a/build/python-installs/loanassistant/armeabi-v7a/include/python3.1 -fPIC -I/home/admin/openclaw/workspace/loan-assistant/.buildozer/android/platform/build-arm64-v8a_armeabi-v7a/build/other_builds/kivy/armeabi-v7a__ndk_target_24/kivy/kivy/include -I/home/admin/openclaw/workspace/loan-assistant/.buildozer/android/platform/build-arm64-v8a_armeabi-v7a/build/other_builds/kivy/armeabi-v7a__ndk_target_24/kivy/kivy/include -I/home/admin/openclaw/workspace/loan-assistant/.buildozer/android/platform/build-arm64-v8a_armeabi-v7a/build/other_builds/hostpython3/desktop/hostpython3/Include -I/home/admin/openclaw/workspace/loan-assistant/.buildozer/android/platform/build-arm64-v8a_armeabi-v7a/build/other_builds/hostpython3/desktop/hostpython3/native-build -c /home/admin/openclaw/workspace/loan-assistant/.buildozer/android/platform/build-arm64-v8a_armeabi-v7a/build/other_builds/kivy/armeabi-v7a__ndk_target_24/kivy/kivy/graphics/vbo.c -o build/temp.linux-x86_64-3.11/home/admin/openclaw/workspace/loan-assistant/.buildozer/android/platform/build-arm64-v8a_armeabi-v7a/build/other_builds/kivy/armeabi-v7a__ndk_target_24/kivy/kivy/graphics/vbo.o
[1m[90m[DEBUG][39m[0m:   	clang-14: error: no such file or directory: '/home/admin/openclaw/workspace/loan-assistant/.buildozer/android/platform/build-arm64-v8a_armeabi-v7a/build/other_builds/kivy/armeabi-v7a__ndk_target_24/kivy/kivy/graphics/scissor_instructions.c'
[1m[90m[DEBUG][39m[0m:   	clang-14: error: no input files
[1m[90m[DEBUG][39m[0m:   	building 'kivy.graphics.vertex' extension
[1m[90m[DEBUG][39m[0m:   	/home/admin/.buildozer/android/platform/android-ndk-r25b/toolchains/llvm/prebuilt/linux-x86_64/bin/clang -target armv7a-linux-androideabi24 -fomit-frame-pointer -march=armv7-a -mfloat-abi=softfp -mfpu=vfp -mthumb -fPIC -Wsign-compare -DNDEBUG -g -fwrapv -O3 -Wall -target armv7a-linux-androideabi24 -fomit-frame-pointer -march=armv7-a -mfloat-abi=softfp -mfpu=vfp -mthumb -fPIC -I/home/admin/openclaw/workspace/loan-assistant/.buildozer/android/platform/build-arm64-v8a_armeabi-v7a/build/other_builds/python3/armeabi-v7a__ndk_target_24/python3/Include -DANDROID -I/home/admin/.buildozer/android/platform/android-ndk-r25b/toolchains/llvm/prebuilt/linux-x86_64/sysroot/usr/include -I/home/admin/openclaw/workspace/loan-assistant/.buildozer/android/platform/build-arm64-v8a_armeabi-v7a/build/python-installs/loanassistant/armeabi-v7a/include/python3.1 -fPIC -I/home/admin/openclaw/workspace/loan-assistant/.buildozer/android/platform/build-arm64-v8a_armeabi-v7a/build/other_builds/kivy/armeabi-v7a__ndk_target_24/kivy/kivy/include -I/home/admin/openclaw/workspace/loan-assistant/.buildozer/android/platform/build-arm64-v8a_armeabi-v7a/build/other_builds/kivy/armeabi-v7a__ndk_target_24/kivy/kivy/include -I/home/admin/openclaw/workspace/loan-assistant/.buildozer/android/platform/build-arm64-v8a_armeabi-v7a/build/other_builds/hostpython3/desktop/hostpython3/Include -I/home/admin/openclaw/workspace/loan-assistant/.buildozer/android/platform/build-arm64-v8a_armeabi-v7a/build/other_builds/hostpython3/desktop/hostpython3/native-build -c /home/admin/openclaw/workspace/loan-assistant/.buildozer/android/platform/build-arm64-v8a_armeabi-v7a/build/other_builds/kivy/armeabi-v7a__ndk_target_24/kivy/kivy/graphics/vertex.c -o build/temp.linux-x86_64-3.11/home/admin/openclaw/workspace/loan-assistant/.buildozer/android/platform/build-arm64-v8a_armeabi-v7a/build/other_builds/kivy/armeabi-v7a__ndk_target_24/kivy/kivy/graphics/vertex.o
[1m[90m[DEBUG][39m[0m:   	clang-14: error: no such file or directory: '/home/admin/openclaw/workspace/loan-assistant/.buildozer/android/platform/build-arm64-v8a_armeabi-v7a/build/other_builds/kivy/armeabi-v7a__ndk_target_24/kivy/kivy/graphics/texture.c'
[1m[90m[DEBUG][39m[0m:   	clang-14: error: no input files
[1m[90m[DEBUG][39m[0m:   	clang-14: error: no such file or directory: '/home/admin/openclaw/workspace/loan-assistant/.buildozer/android/platform/build-arm64-v8a_armeabi-v7a/build/other_builds/kivy/armeabi-v7a__ndk_target_24/kivy/kivy/graphics/transformation.c'
[1m[90m[DEBUG][39m[0m:   	clang-14: error: no input files
[1m[90m[DEBUG][39m[0m:   	building 'kivy.graphics.vertex_instructions' extension
[1m[90m[DEBUG][39m[0m:   	/home/admin/.buildozer/android/platform/android-ndk-r25b/toolchains/llvm/prebuilt/linux-x86_64/bin/clang -target armv7a-linux-androideabi24 -fomit-frame-pointer -march=armv7-a -mfloat-abi=softfp -mfpu=vfp -mthumb -fPIC -Wsign-compare -DNDEBUG -g -fwrapv -O3 -Wall -target armv7a-linux-androideabi24 -fomit-frame-pointer -march=armv7-a -mfloat-abi=softfp -mfpu=vfp -mthumb -fPIC -I/home/admin/openclaw/workspace/loan-assistant/.buildozer/android/platform/build-arm64-v8a_armeabi-v7a/build/other_builds/python3/armeabi-v7a__ndk_target_24/python3/Include -DANDROID -I/home/admin/.buildozer/android/platform/android-ndk-r25b/toolchains/llvm/prebuilt/linux-x86_64/sysroot/usr/include -I/home/admin/openclaw/workspace/loan-assistant/.buildozer/android/platform/build-arm64-v8a_armeabi-v7a/build/python-installs/loanassistant/armeabi-v7a/include/python3.1 -fPIC -I/home/admin/openclaw/workspace/loan-assistant/.buildozer/android/platform/build-arm64-v8a_armeabi-v7a/build/other_builds/kivy/armeabi-v7a__ndk_target_24/kivy/kivy/include -I/home/admin/openclaw/workspace/loan-assistant/.buildozer/android/platform/build-arm64-v8a_armeabi-v7a/build/other_builds/kivy/armeabi-v7a__ndk_target_24/kivy/kivy/include -I/home/admin/openclaw/workspace/loan-assistant/.buildozer/android/platform/build-arm64-v8a_armeabi-v7a/build/other_builds/hostpython3/desktop/hostpython3/Include -I/home/admin/openclaw/workspace/loan-assistant/.buildozer/android/platform/build-arm64-v8a_armeabi-v7a/build/other_builds/hostpython3/desktop/hostpython3/native-build -c /home/admin/openclaw/workspace/loan-assistant/.buildozer/android/platform/build-arm64-v8a_armeabi-v7a/build/other_builds/kivy/armeabi-v7a__ndk_target_24/kivy/kivy/graphics/vertex_instructions.c -o build/temp.linux-x86_64-3.11/home/admin/openclaw/workspace/loan-assistant/.buildozer/android/platform/build-arm64-v8a_armeabi-v7a/build/other_builds/kivy/armeabi-v7a__ndk_target_24/kivy/kivy/graphics/vertex_instructions.o
[1m[90m[DEBUG][39m[0m:   	building 'kivy.graphics.cgl' extension
[1m[90m[DEBUG][39m[0m:   	/home/admin/.buildozer/android/platform/android-ndk-r25b/toolchains/llvm/prebuilt/linux-x86_64/bin/clang -target armv7a-linux-androideabi24 -fomit-frame-pointer -march=armv7-a -mfloat-abi=softfp -mfpu=vfp -mthumb -fPIC -Wsign-compare -DNDEBUG -g -fwrapv -O3 -Wall -target armv7a-linux-androideabi24 -fomit-frame-pointer -march=armv7-a -mfloat-abi=softfp -mfpu=vfp -mthumb -fPIC -I/home/admin/openclaw/workspace/loan-assistant/.buildozer/android/platform/build-arm64-v8a_armeabi-v7a/build/other_builds/python3/armeabi-v7a__ndk_target_24/python3/Include -DANDROID -I/home/admin/.buildozer/android/platform/android-ndk-r25b/toolchains/llvm/prebuilt/linux-x86_64/sysroot/usr/include -I/home/admin/openclaw/workspace/loan-assistant/.buildozer/android/platform/build-arm64-v8a_armeabi-v7a/build/python-installs/loanassistant/armeabi-v7a/include/python3.1 -fPIC -I/home/admin/openclaw/workspace/loan-assistant/.buildozer/android/platform/build-arm64-v8a_armeabi-v7a/build/other_builds/kivy/armeabi-v7a__ndk_target_24/kivy/kivy/include -I/home/admin/openclaw/workspace/loan-assistant/.buildozer/android/platform/build-arm64-v8a_armeabi-v7a/build/other_builds/kivy/armeabi-v7a__ndk_target_24/kivy/kivy/include -I/home/admin/openclaw/workspace/loan-assistant/.buildozer/android/platform/build-arm64-v8a_armeabi-v7a/build/other_builds/hostpython3/desktop/hostpython3/Include -I/home/admin/openclaw/workspace/loan-assistant/.buildozer/android/platform/build-arm64-v8a_armeabi-v7a/build/other_builds/hostpython3/desktop/hostpython3/native-build -c /home/admin/openclaw/workspace/loan-assistant/.buildozer/android/platform/build-arm64-v8a_armeabi-v7a/build/other_builds/kivy/armeabi-v7a__ndk_target_24/kivy/kivy/graphics/cgl.c -o build/temp.linux-x86_64-3.11/home/admin/openclaw/workspace/loan-assistant/.buildozer/android/platform/build-arm64-v8a_armeabi-v7a/build/other_builds/kivy/armeabi-v7a__ndk_target_24/kivy/kivy/graphics/cgl.o
[1m[90m[DEBUG][39m[0m:   	clang-14: error: no such file or directory: '/home/admin/openclaw/workspace/loan-assistant/.buildozer/android/platform/build-arm64-v8a_armeabi-v7a/build/other_builds/kivy/armeabi-v7a__ndk_target_24/kivy/kivy/graphics/vertex.c'
[1m[90m[DEBUG][39m[0m:   	clang-14: error: no input files
[1m[90m[DEBUG][39m[0m:   	building 'kivy.graphics.cgl_backend.cgl_mock' extension
[1m[90m[DEBUG][39m[0m:   	creating build/temp.linux-x86_64-3.11/home/admin/openclaw/workspace/loan-assistant/.buildozer/android/platform/build-arm64-v8a_armeabi-v7a/build/other_builds/kivy/armeabi-v7a__ndk_target_24/kivy/kivy/graphics/cgl_backend
[1m[90m[DEBUG][39m[0m:   	/home/admin/.buildozer/android/platform/android-ndk-r25b/toolchains/llvm/prebuilt/linux-x86_64/bin/clang -target armv7a-linux-androideabi24 -fomit-frame-pointer -march=armv7-a -mfloat-abi=softfp -mfpu=vfp -mthumb -fPIC -Wsign-compare -DNDEBUG -g -fwrapv -O3 -Wall -target armv7a-linux-androideabi24 -fomit-frame-pointer -march=armv7-a -mfloat-abi=softfp -mfpu=vfp -mthumb -fPIC -I/home/admin/openclaw/workspace/loan-assistant/.buildozer/android/platform/build-arm64-v8a_armeabi-v7a/build/other_builds/python3/armeabi-v7a__ndk_target_24/python3/Include -DANDROID -I/home/admin/.buildozer/android/platform/android-ndk-r25b/toolchains/llvm/prebuilt/linux-x86_64/sysroot/usr/include -I/home/admin/openclaw/workspace/loan-assistant/.buildozer/android/platform/build-arm64-v8a_armeabi-v7a/build/python-installs/loanassistant/armeabi-v7a/include/python3.1 -fPIC -I/home/admin/openclaw/workspace/loan-assistant/.buildozer/android/platform/build-arm64-v8a_armeabi-v7a/build/other_builds/kivy/armeabi-v7a__ndk_target_24/kivy/kivy/include -I/home/admin/openclaw/workspace/loan-assistant/.buildozer/android/platform/build-arm64-v8a_armeabi-v7a/build/other_builds/kivy/armeabi-v7a__ndk_target_24/kivy/kivy/include -I/home/admin/openclaw/workspace/loan-assistant/.buildozer/android/platform/build-arm64-v8a_armeabi-v7a/build/other_builds/hostpython3/desktop/hostpython3/Include -I/home/admin/openclaw/workspace/loan-assistant/.buildozer/android/platform/build-arm64-v8a_armeabi-v7a/build/other_builds/hostpython3/desktop/hostpython3/native-build -c /home/admin/openclaw/workspace/loan-assistant/.buildozer/android/platform/build-arm64-v8a_armeabi-v7a/build/other_builds/kivy/armeabi-v7a__ndk_target_24/kivy/kivy/graphics/cgl_backend/cgl_mock.c -o build/temp.linux-x86_64-3.11/home/admin/openclaw/workspace/loan-assistant/.buildozer/android/platform/build-arm64-v8a_armeabi-v7a/build/other_builds/kivy/armeabi-v7a__ndk_target_24/kivy/kivy/graphics/cgl_backend/cgl_mock.o
[1m[90m[DEBUG][39m[0m:   	clang-14: error: no such file or directory: '/home/admin/openclaw/workspace/loan-assistant/.buildozer/android/platform/build-arm64-v8a_armeabi-v7a/build/other_builds/kivy/armeabi-v7a__ndk_target_24/kivy/kivy/graphics/cgl.c'
[1m[90m[DEBUG][39m[0m:   	clang-14: error: no input files
[1m[90m[DEBUG][39m[0m:   	building 'kivy.graphics.cgl_backend.cgl_gl' extension
[1m[90m[DEBUG][39m[0m:   	/home/admin/.buildozer/android/platform/android-ndk-r25b/toolchains/llvm/prebuilt/linux-x86_64/bin/clang -target armv7a-linux-androideabi24 -fomit-frame-pointer -march=armv7-a -mfloat-abi=softfp -mfpu=vfp -mthumb -fPIC -Wsign-compare -DNDEBUG -g -fwrapv -O3 -Wall -target armv7a-linux-androideabi24 -fomit-frame-pointer -march=armv7-a -mfloat-abi=softfp -mfpu=vfp -mthumb -fPIC -I/home/admin/openclaw/workspace/loan-assistant/.buildozer/android/platform/build-arm64-v8a_armeabi-v7a/build/other_builds/python3/armeabi-v7a__ndk_target_24/python3/Include -DANDROID -I/home/admin/.buildozer/android/platform/android-ndk-r25b/toolchains/llvm/prebuilt/linux-x86_64/sysroot/usr/include -I/home/admin/openclaw/workspace/loan-assistant/.buildozer/android/platform/build-arm64-v8a_armeabi-v7a/build/python-installs/loanassistant/armeabi-v7a/include/python3.1 -fPIC -I/home/admin/openclaw/workspace/loan-assistant/.buildozer/android/platform/build-arm64-v8a_armeabi-v7a/build/other_builds/kivy/armeabi-v7a__ndk_target_24/kivy/kivy/include -INOTNONE/usr/include -I/home/admin/openclaw/workspace/loan-assistant/.buildozer/android/platform/build-arm64-v8a_armeabi-v7a/build/other_builds/hostpython3/desktop/hostpython3/Include -I/home/admin/openclaw/workspace/loan-assistant/.buildozer/android/platform/build-arm64-v8a_armeabi-v7a/build/other_builds/hostpython3/desktop/hostpython3/native-build -c /home/admin/openclaw/workspace/loan-assistant/.buildozer/android/platform/build-arm64-v8a_armeabi-v7a/build/other_builds/kivy/armeabi-v7a__ndk_target_24/kivy/kivy/graphics/cgl_backend/cgl_gl.c -o build/temp.linux-x86_64-3.11/home/admin/openclaw/workspace/loan-assistant/.buildozer/android/platform/build-arm64-v8a_armeabi-v7a/build/other_builds/kivy/armeabi-v7a__ndk_target_24/kivy/kivy/graphics/cgl_backend/cgl_gl.o
[1m[90m[DEBUG][39m[0m:   	clang-14: error: no such file or directory: '/home/admin/openclaw/workspace/loan-assistant/.buildozer/android/platform/build-arm64-v8a_armeabi-v7a/build/other_builds/kivy/armeabi-v7a__ndk_target_24/kivy/kivy/graphics/vbo.c'
[1m[90m[DEBUG][39m[0m:   	clang-14: error: no input files
[1m[90m[DEBUG][39m[0m:   	building 'kivy.graphics.cgl_backend.cgl_glew' extension
[1m[90m[DEBUG][39m[0m:   	/home/admin/.buildozer/android/platform/android-ndk-r25b/toolchains/llvm/prebuilt/linux-x86_64/bin/clang -target armv7a-linux-androideabi24 -fomit-frame-pointer -march=armv7-a -mfloat-abi=softfp -mfpu=vfp -mthumb -fPIC -Wsign-compare -DNDEBUG -g -fwrapv -O3 -Wall -target armv7a-linux-androideabi24 -fomit-frame-pointer -march=armv7-a -mfloat-abi=softfp -mfpu=vfp -mthumb -fPIC -I/home/admin/openclaw/workspace/loan-assistant/.buildozer/android/platform/build-arm64-v8a_armeabi-v7a/build/other_builds/python3/armeabi-v7a__ndk_target_24/python3/Include -DANDROID -I/home/admin/.buildozer/android/platform/android-ndk-r25b/toolchains/llvm/prebuilt/linux-x86_64/sysroot/usr/include -I/home/admin/openclaw/workspace/loan-assistant/.buildozer/android/platform/build-arm64-v8a_armeabi-v7a/build/python-installs/loanassistant/armeabi-v7a/include/python3.1 -fPIC -I/home/admin/openclaw/workspace/loan-assistant/.buildozer/android/platform/build-arm64-v8a_armeabi-v7a/build/other_builds/kivy/armeabi-v7a__ndk_target_24/kivy/kivy/include -INOTNONE/usr/include -I/home/admin/openclaw/workspace/loan-assistant/.buildozer/android/platform/build-arm64-v8a_armeabi-v7a/build/other_builds/hostpython3/desktop/hostpython3/Include -I/home/admin/openclaw/workspace/loan-assistant/.buildozer/android/platform/build-arm64-v8a_armeabi-v7a/build/other_builds/hostpython3/desktop/hostpython3/native-build -c /home/admin/openclaw/workspace/loan-assistant/.buildozer/android/platform/build-arm64-v8a_armeabi-v7a/build/other_builds/kivy/armeabi-v7a__ndk_target_24/kivy/kivy/graphics/cgl_backend/cgl_glew.c -o build/temp.linux-x86_64-3.11/home/admin/openclaw/workspace/loan-assistant/.buildozer/android/platform/build-arm64-v8a_armeabi-v7a/build/other_builds/kivy/armeabi-v7a__ndk_target_24/kivy/kivy/graphics/cgl_backend/cgl_glew.o
[1m[90m[DEBUG][39m[0m:   	clang-14: error: no such file or directory: '/home/admin/openclaw/workspace/loan-assistant/.buildozer/android/platform/build-arm64-v8a_armeabi-v7a/build/other_builds/kivy/armeabi-v7a__ndk_target_24/kivy/kivy/graphics/vertex_instructions.c'
[1m[90m[DEBUG][39m[0m:   	clang-14: error: no input files
[1m[90m[DEBUG][39m[0m:   	clang-14: error: no such file or directory: '/home/admin/openclaw/workspace/loan-assistant/.buildozer/android/platform/build-arm64-v8a_armeabi-v7a/build/other_builds/kivy/armeabi-v7a__ndk_target_24/kivy/kivy/graphics/cgl_backend/cgl_mock.c'
[1m[90m[DEBUG][39m[0m:   	clang-14: error: no input files
[1m[90m[DEBUG][39m[0m:   	building 'kivy.graphics.cgl_backend.cgl_sdl2' extension
[1m[90m[DEBUG][39m[0m:   	/home/admin/.buildozer/android/platform/android-ndk-r25b/toolchains/llvm/prebuilt/linux-x86_64/bin/clang -target armv7a-linux-androideabi24 -fomit-frame-pointer -march=armv7-a -mfloat-abi=softfp -mfpu=vfp -mthumb -fPIC -Wsign-compare -DNDEBUG -g -fwrapv -O3 -Wall -target armv7a-linux-androideabi24 -fomit-frame-pointer -march=armv7-a -mfloat-abi=softfp -mfpu=vfp -mthumb -fPIC -I/home/admin/openclaw/workspace/loan-assistant/.buildozer/android/platform/build-arm64-v8a_armeabi-v7a/build/other_builds/python3/armeabi-v7a__ndk_target_24/python3/Include -DANDROID -I/home/admin/.buildozer/android/platform/android-ndk-r25b/toolchains/llvm/prebuilt/linux-x86_64/sysroot/usr/include -I/home/admin/openclaw/workspace/loan-assistant/.buildozer/android/platform/build-arm64-v8a_armeabi-v7a/build/python-installs/loanassistant/armeabi-v7a/include/python3.1 -fPIC -I/home/admin/openclaw/workspace/loan-assistant/.buildozer/android/platform/build-arm64-v8a_armeabi-v7a/build/other_builds/kivy/armeabi-v7a__ndk_target_24/kivy/kivy/include -I/home/admin/openclaw/workspace/loan-assistant/.buildozer/android/platform/build-arm64-v8a_armeabi-v7a/build/other_builds/kivy/armeabi-v7a__ndk_target_24/kivy/kivy/include -I/home/admin/openclaw/workspace/loan-assistant/.buildozer/android/platform/build-arm64-v8a_armeabi-v7a/build/bootstrap_builds/sdl2/jni/SDL/include -I/home/admin/openclaw/workspace/loan-assistant/.buildozer/android/platform/build-arm64-v8a_armeabi-v7a/build/bootstrap_builds/sdl2/jni/SDL2_image/include -I/home/admin/openclaw/workspace/loan-assistant/.buildozer/android/platform/build-arm64-v8a_armeabi-v7a/build/bootstrap_builds/sdl2/jni/SDL2_mixer/include -I/home/admin/openclaw/workspace/loan-assistant/.buildozer/android/platform/build-arm64-v8a_armeabi-v7a/build/bootstrap_builds/sdl2/jni/SDL2_ttf -I/home/admin/openclaw/workspace/loan-assistant/.buildozer/android/platform/build-arm64-v8a_armeabi-v7a/build/other_builds/hostpython3/desktop/hostpython3/Include -I/home/admin/openclaw/workspace/loan-assistant/.buildozer/android/platform/build-arm64-v8a_armeabi-v7a/build/other_builds/hostpython3/desktop/hostpython3/native-build -c /home/admin/openclaw/workspace/loan-assistant/.buildozer/android/platform/build-arm64-v8a_armeabi-v7a/build/other_builds/kivy/armeabi-v7a__ndk_target_24/kivy/kivy/graphics/cgl_backend/cgl_sdl2.c -o build/temp.linux-x86_64-3.11/home/admin/openclaw/workspace/loan-assistant/.buildozer/android/platform/build-arm64-v8a_armeabi-v7a/build/other_builds/kivy/armeabi-v7a__ndk_target_24/kivy/kivy/graphics/cgl_backend/cgl_sdl2.o
[1m[90m[DEBUG][39m[0m:   	clang-14: error: no such file or directory: '/home/admin/openclaw/workspace/loan-assistant/.buildozer/android/platform/build-arm64-v8a_armeabi-v7a/build/other_builds/kivy/armeabi-v7a__ndk_target_24/kivy/kivy/graphics/cgl_backend/cgl_gl.c'
[1m[90m[DEBUG][39m[0m:   	clang-14: error: no input files
[1m[90m[DEBUG][39m[0m:   	building 'kivy.graphics.cgl_backend.cgl_debug' extension
[1m[90m[DEBUG][39m[0m:   	/home/admin/.buildozer/android/platform/android-ndk-r25b/toolchains/llvm/prebuilt/linux-x86_64/bin/clang -target armv7a-linux-androideabi24 -fomit-frame-pointer -march=armv7-a -mfloat-abi=softfp -mfpu=vfp -mthumb -fPIC -Wsign-compare -DNDEBUG -g -fwrapv -O3 -Wall -target armv7a-linux-androideabi24 -fomit-frame-pointer -march=armv7-a -mfloat-abi=softfp -mfpu=vfp -mthumb -fPIC -I/home/admin/openclaw/workspace/loan-assistant/.buildozer/android/platform/build-arm64-v8a_armeabi-v7a/build/other_builds/python3/armeabi-v7a__ndk_target_24/python3/Include -DANDROID -I/home/admin/.buildozer/android/platform/android-ndk-r25b/toolchains/llvm/prebuilt/linux-x86_64/sysroot/usr/include -I/home/admin/openclaw/workspace/loan-assistant/.buildozer/android/platform/build-arm64-v8a_armeabi-v7a/build/python-installs/loanassistant/armeabi-v7a/include/python3.1 -fPIC -I/home/admin/openclaw/workspace/loan-assistant/.buildozer/android/platform/build-arm64-v8a_armeabi-v7a/build/other_builds/kivy/armeabi-v7a__ndk_target_24/kivy/kivy/include -I/home/admin/openclaw/workspace/loan-assistant/.buildozer/android/platform/build-arm64-v8a_armeabi-v7a/build/other_builds/kivy/armeabi-v7a__ndk_target_24/kivy/kivy/include -I/home/admin/openclaw/workspace/loan-assistant/.buildozer/android/platform/build-arm64-v8a_armeabi-v7a/build/other_builds/hostpython3/desktop/hostpython3/Include -I/home/admin/openclaw/workspace/loan-assistant/.buildozer/android/platform/build-arm64-v8a_armeabi-v7a/build/other_builds/hostpython3/desktop/hostpython3/native-build -c /home/admin/openclaw/workspace/loan-assistant/.buildozer/android/platform/build-arm64-v8a_armeabi-v7a/build/other_builds/kivy/armeabi-v7a__ndk_target_24/kivy/kivy/graphics/cgl_backend/cgl_debug.c -o build/temp.linux-x86_64-3.11/home/admin/openclaw/workspace/loan-assistant/.buildozer/android/platform/build-arm64-v8a_armeabi-v7a/build/other_builds/kivy/armeabi-v7a__ndk_target_24/kivy/kivy/graphics/cgl_backend/cgl_debug.o
[1m[90m[DEBUG][39m[0m:   	building 'kivy.core.text.text_layout' extension
[1m[90m[DEBUG][39m[0m:   	creating build/temp.linux-x86_64-3.11/home/admin/openclaw/workspace/loan-assistant/.buildozer/android/platform/build-arm64-v8a_armeabi-v7a/build/other_builds/kivy/armeabi-v7a__ndk_target_24/kivy/kivy/core
[1m[90m[DEBUG][39m[0m:   	creating build/temp.linux-x86_64-3.11/home/admin/openclaw/workspace/loan-assistant/.buildozer/android/platform/build-arm64-v8a_armeabi-v7a/build/other_builds/kivy/armeabi-v7a__ndk_target_24/kivy/kivy/core/text
[1m[90m[DEBUG][39m[0m:   	/home/admin/.buildozer/android/platform/android-ndk-r25b/toolchains/llvm/prebuilt/linux-x86_64/bin/clang -target armv7a-linux-androideabi24 -fomit-frame-pointer -march=armv7-a -mfloat-abi=softfp -mfpu=vfp -mthumb -fPIC -Wsign-compare -DNDEBUG -g -fwrapv -O3 -Wall -target armv7a-linux-androideabi24 -fomit-frame-pointer -march=armv7-a -mfloat-abi=softfp -mfpu=vfp -mthumb -fPIC -I/home/admin/openclaw/workspace/loan-assistant/.buildozer/android/platform/build-arm64-v8a_armeabi-v7a/build/other_builds/python3/armeabi-v7a__ndk_target_24/python3/Include -DANDROID -I/home/admin/.buildozer/android/platform/android-ndk-r25b/toolchains/llvm/prebuilt/linux-x86_64/sysroot/usr/include -I/home/admin/openclaw/workspace/loan-assistant/.buildozer/android/platform/build-arm64-v8a_armeabi-v7a/build/python-installs/loanassistant/armeabi-v7a/include/python3.1 -fPIC -I/home/admin/openclaw/workspace/loan-assistant/.buildozer/android/platform/build-arm64-v8a_armeabi-v7a/build/other_builds/kivy/armeabi-v7a__ndk_target_24/kivy/kivy/include -I/home/admin/openclaw/workspace/loan-assistant/.buildozer/android/platform/build-arm64-v8a_armeabi-v7a/build/other_builds/hostpython3/desktop/hostpython3/Include -I/home/admin/openclaw/workspace/loan-assistant/.buildozer/android/platform/build-arm64-v8a_armeabi-v7a/build/other_builds/hostpython3/desktop/hostpython3/native-build -c /home/admin/openclaw/workspace/loan-assistant/.buildozer/android/platform/build-arm64-v8a_armeabi-v7a/build/other_builds/kivy/armeabi-v7a__ndk_target_24/kivy/kivy/core/text/text_layout.c -o build/temp.linux-x86_64-3.11/home/admin/openclaw/workspace/loan-assistant/.buildozer/android/platform/build-arm64-v8a_armeabi-v7a/build/other_builds/kivy/armeabi-v7a__ndk_target_24/kivy/kivy/core/text/text_layout.o
[1m[90m[DEBUG][39m[0m:   	clang-14: error: no such file or directory: '/home/admin/openclaw/workspace/loan-assistant/.buildozer/android/platform/build-arm64-v8a_armeabi-v7a/build/other_builds/kivy/armeabi-v7a__ndk_target_24/kivy/kivy/graphics/cgl_backend/cgl_glew.c'
[1m[90m[DEBUG][39m[0m:   	clang-14: error: no input files
[1m[90m[DEBUG][39m[0m:   	building 'kivy.core.window.window_info' extension
[1m[90m[DEBUG][39m[0m:   	creating build/temp.linux-x86_64-3.11/home/admin/openclaw/workspace/loan-assistant/.buildozer/android/platform/build-arm64-v8a_armeabi-v7a/build/other_builds/kivy/armeabi-v7a__ndk_target_24/kivy/kivy/core/window
[1m[90m[DEBUG][39m[0m:   	/home/admin/.buildozer/android/platform/android-ndk-r25b/toolchains/llvm/prebuilt/linux-x86_64/bin/clang -target armv7a-linux-androideabi24 -fomit-frame-pointer -march=armv7-a -mfloat-abi=softfp -mfpu=vfp -mthumb -fPIC -Wsign-compare -DNDEBUG -g -fwrapv -O3 -Wall -target armv7a-linux-androideabi24 -fomit-frame-pointer -march=armv7-a -mfloat-abi=softfp -mfpu=vfp -mthumb -fPIC -I/home/admin/openclaw/workspace/loan-assistant/.buildozer/android/platform/build-arm64-v8a_armeabi-v7a/build/other_builds/python3/armeabi-v7a__ndk_target_24/python3/Include -DANDROID -I/home/admin/.buildozer/android/platform/android-ndk-r25b/toolchains/llvm/prebuilt/linux-x86_64/sysroot/usr/include -I/home/admin/openclaw/workspace/loan-assistant/.buildozer/android/platform/build-arm64-v8a_armeabi-v7a/build/python-installs/loanassistant/armeabi-v7a/include/python3.1 -fPIC -I/home/admin/openclaw/workspace/loan-assistant/.buildozer/android/platform/build-arm64-v8a_armeabi-v7a/build/other_builds/kivy/armeabi-v7a__ndk_target_24/kivy/kivy/include -I/home/admin/openclaw/workspace/loan-assistant/.buildozer/android/platform/build-arm64-v8a_armeabi-v7a/build/other_builds/hostpython3/desktop/hostpython3/Include -I/home/admin/openclaw/workspace/loan-assistant/.buildozer/android/platform/build-arm64-v8a_armeabi-v7a/build/other_builds/hostpython3/desktop/hostpython3/native-build -c /home/admin/openclaw/workspace/loan-assistant/.buildozer/android/platform/build-arm64-v8a_armeabi-v7a/build/other_builds/kivy/armeabi-v7a__ndk_target_24/kivy/kivy/core/window/window_info.c -o build/temp.linux-x86_64-3.11/home/admin/openclaw/workspace/loan-assistant/.buildozer/android/platform/build-arm64-v8a_armeabi-v7a/build/other_builds/kivy/armeabi-v7a__ndk_target_24/kivy/kivy/core/window/window_info.o
[1m[90m[DEBUG][39m[0m:   	clang-14: error: no such file or directory: '/home/admin/openclaw/workspace/loan-assistant/.buildozer/android/platform/build-arm64-v8a_armeabi-v7a/build/other_builds/kivy/armeabi-v7a__ndk_target_24/kivy/kivy/graphics/cgl_backend/cgl_sdl2.c'
[1m[90m[DEBUG][39m[0m:   	clang-14: error: no input files
[1m[90m[DEBUG][39m[0m:   	building 'kivy.graphics.tesselator' extension
[1m[90m[DEBUG][39m[0m:   	creating build/temp.linux-x86_64-3.11/home/admin/openclaw/workspace/loan-assistant/.buildozer/android/platform/build-arm64-v8a_armeabi-v7a/build/other_builds/kivy/armeabi-v7a__ndk_target_24/kivy/kivy/lib
[1m[90m[DEBUG][39m[0m:   	creating build/temp.linux-x86_64-3.11/home/admin/openclaw/workspace/loan-assistant/.buildozer/android/platform/build-arm64-v8a_armeabi-v7a/build/other_builds/kivy/armeabi-v7a__ndk_target_24/kivy/kivy/lib/libtess2
[1m[90m[DEBUG][39m[0m:   	creating build/temp.linux-x86_64-3.11/home/admin/openclaw/workspace/loan-assistant/.buildozer/android/platform/build-arm64-v8a_armeabi-v7a/build/other_builds/kivy/armeabi-v7a__ndk_target_24/kivy/kivy/lib/libtess2/Source
[1m[90m[DEBUG][39m[0m:   	/home/admin/.buildozer/android/platform/android-ndk-r25b/toolchains/llvm/prebuilt/linux-x86_64/bin/clang -target armv7a-linux-androideabi24 -fomit-frame-pointer -march=armv7-a -mfloat-abi=softfp -mfpu=vfp -mthumb -fPIC -Wsign-compare -DNDEBUG -g -fwrapv -O3 -Wall -target armv7a-linux-androideabi24 -fomit-frame-pointer -march=armv7-a -mfloat-abi=softfp -mfpu=vfp -mthumb -fPIC -I/home/admin/openclaw/workspace/loan-assistant/.buildozer/android/platform/build-arm64-v8a_armeabi-v7a/build/other_builds/python3/armeabi-v7a__ndk_target_24/python3/Include -DANDROID -I/home/admin/.buildozer/android/platform/android-ndk-r25b/toolchains/llvm/prebuilt/linux-x86_64/sysroot/usr/include -I/home/admin/openclaw/workspace/loan-assistant/.buildozer/android/platform/build-arm64-v8a_armeabi-v7a/build/python-installs/loanassistant/armeabi-v7a/include/python3.1 -fPIC -I/home/admin/openclaw/workspace/loan-assistant/.buildozer/android/platform/build-arm64-v8a_armeabi-v7a/build/other_builds/kivy/armeabi-v7a__ndk_target_24/kivy/kivy/include -Ikivy/lib/libtess2/Include -I/home/admin/openclaw/workspace/loan-assistant/.buildozer/android/platform/build-arm64-v8a_armeabi-v7a/build/other_builds/hostpython3/desktop/hostpython3/Include -I/home/admin/openclaw/workspace/loan-assistant/.buildozer/android/platform/build-arm64-v8a_armeabi-v7a/build/other_builds/hostpython3/desktop/hostpython3/native-build -c /home/admin/openclaw/workspace/loan-assistant/.buildozer/android/platform/build-arm64-v8a_armeabi-v7a/build/other_builds/kivy/armeabi-v7a__ndk_target_24/kivy/kivy/graphics/tesselator.c -o build/temp.linux-x86_64-3.11/home/admin/openclaw/workspace/loan-assistant/.buildozer/android/platform/build-arm64-v8a_armeabi-v7a/build/other_builds/kivy/armeabi-v7a__ndk_target_24/kivy/kivy/graphics/tesselator.o
[1m[90m[DEBUG][39m[0m:   	clang-14: error: no such file or directory: '/home/admin/openclaw/workspace/loan-assistant/.buildozer/android/platform/build-arm64-v8a_armeabi-v7a/build/other_builds/kivy/armeabi-v7a__ndk_target_24/kivy/kivy/graphics/cgl_backend/cgl_debug.c'
[1m[90m[DEBUG][39m[0m:   	clang-14: error: no input files
[1m[90m[DEBUG][39m[0m:   	building 'kivy.graphics.svg' extension
[1m[90m[DEBUG][39m[0m:   	/home/admin/.buildozer/android/platform/android-ndk-r25b/toolchains/llvm/prebuilt/linux-x86_64/bin/clang -target armv7a-linux-androideabi24 -fomit-frame-pointer -march=armv7-a -mfloat-abi=softfp -mfpu=vfp -mthumb -fPIC -Wsign-compare -DNDEBUG -g -fwrapv -O3 -Wall -target armv7a-linux-androideabi24 -fomit-frame-pointer -march=armv7-a -mfloat-abi=softfp -mfpu=vfp -mthumb -fPIC -I/home/admin/openclaw/workspace/loan-assistant/.buildozer/android/platform/build-arm64-v8a_armeabi-v7a/build/other_builds/python3/armeabi-v7a__ndk_target_24/python3/Include -DANDROID -I/home/admin/.buildozer/android/platform/android-ndk-r25b/toolchains/llvm/prebuilt/linux-x86_64/sysroot/usr/include -I/home/admin/openclaw/workspace/loan-assistant/.buildozer/android/platform/build-arm64-v8a_armeabi-v7a/build/python-installs/loanassistant/armeabi-v7a/include/python3.1 -fPIC -I/home/admin/openclaw/workspace/loan-assistant/.buildozer/android/platform/build-arm64-v8a_armeabi-v7a/build/other_builds/kivy/armeabi-v7a__ndk_target_24/kivy/kivy/include -I/home/admin/openclaw/workspace/loan-assistant/.buildozer/android/platform/build-arm64-v8a_armeabi-v7a/build/other_builds/kivy/armeabi-v7a__ndk_target_24/kivy/kivy/include -I/home/admin/openclaw/workspace/loan-assistant/.buildozer/android/platform/build-arm64-v8a_armeabi-v7a/build/other_builds/hostpython3/desktop/hostpython3/Include -I/home/admin/openclaw/workspace/loan-assistant/.buildozer/android/platform/build-arm64-v8a_armeabi-v7a/build/other_builds/hostpython3/desktop/hostpython3/native-build -c /home/admin/openclaw/workspace/loan-assistant/.buildozer/android/platform/build-arm64-v8a_armeabi-v7a/build/other_builds/kivy/armeabi-v7a__ndk_target_24/kivy/kivy/graphics/svg.c -o build/temp.linux-x86_64-3.11/home/admin/openclaw/workspace/loan-assistant/.buildozer/android/platform/build-arm64-v8a_armeabi-v7a/build/other_builds/kivy/armeabi-v7a__ndk_target_24/kivy/kivy/graphics/svg.o
[1m[90m[DEBUG][39m[0m:   	clang-14: error: no such file or directory: '/home/admin/openclaw/workspace/loan-assistant/.buildozer/android/platform/build-arm64-v8a_armeabi-v7a/build/other_builds/kivy/armeabi-v7a__ndk_target_24/kivy/kivy/core/window/window_info.c'
[1m[90m[DEBUG][39m[0m:   	clang-14: error: no input files
[1m[90m[DEBUG][39m[0m:   	clang-14: error: no such file or directory: '/home/admin/openclaw/workspace/loan-assistant/.buildozer/android/platform/build-arm64-v8a_armeabi-v7a/build/other_builds/kivy/armeabi-v7a__ndk_target_24/kivy/kivy/core/text/text_layout.c'
[1m[90m[DEBUG][39m[0m:   	clang-14: error: no input files
[1m[90m[DEBUG][39m[0m:   	building 'kivy.graphics.boxshadow' extension
[1m[90m[DEBUG][39m[0m:   	/home/admin/.buildozer/android/platform/android-ndk-r25b/toolchains/llvm/prebuilt/linux-x86_64/bin/clang -target armv7a-linux-androideabi24 -fomit-frame-pointer -march=armv7-a -mfloat-abi=softfp -mfpu=vfp -mthumb -fPIC -Wsign-compare -DNDEBUG -g -fwrapv -O3 -Wall -target armv7a-linux-androideabi24 -fomit-frame-pointer -march=armv7-a -mfloat-abi=softfp -mfpu=vfp -mthumb -fPIC -I/home/admin/openclaw/workspace/loan-assistant/.buildozer/android/platform/build-arm64-v8a_armeabi-v7a/build/other_builds/python3/armeabi-v7a__ndk_target_24/python3/Include -DANDROID -I/home/admin/.buildozer/android/platform/android-ndk-r25b/toolchains/llvm/prebuilt/linux-x86_64/sysroot/usr/include -I/home/admin/openclaw/workspace/loan-assistant/.buildozer/android/platform/build-arm64-v8a_armeabi-v7a/build/python-installs/loanassistant/armeabi-v7a/include/python3.1 -fPIC -I/home/admin/openclaw/workspace/loan-assistant/.buildozer/android/platform/build-arm64-v8a_armeabi-v7a/build/other_builds/kivy/armeabi-v7a__ndk_target_24/kivy/kivy/include -I/home/admin/openclaw/workspace/loan-assistant/.buildozer/android/platform/build-arm64-v8a_armeabi-v7a/build/other_builds/kivy/armeabi-v7a__ndk_target_24/kivy/kivy/include -I/home/admin/openclaw/workspace/loan-assistant/.buildozer/android/platform/build-arm64-v8a_armeabi-v7a/build/other_builds/hostpython3/desktop/hostpython3/Include -I/home/admin/openclaw/workspace/loan-assistant/.buildozer/android/platform/build-arm64-v8a_armeabi-v7a/build/other_builds/hostpython3/desktop/hostpython3/native-build -c /home/admin/openclaw/workspace/loan-assistant/.buildozer/android/platform/build-arm64-v8a_armeabi-v7a/build/other_builds/kivy/armeabi-v7a__ndk_target_24/kivy/kivy/graphics/boxshadow.c -o build/temp.linux-x86_64-3.11/home/admin/openclaw/workspace/loan-assistant/.buildozer/android/platform/build-arm64-v8a_armeabi-v7a/build/other_builds/kivy/armeabi-v7a__ndk_target_24/kivy/kivy/graphics/boxshadow.o
[1m[90m[DEBUG][39m[0m:   	building 'kivy.core.window._window_sdl2' extension
[1m[90m[DEBUG][39m[0m:   	/home/admin/.buildozer/android/platform/android-ndk-r25b/toolchains/llvm/prebuilt/linux-x86_64/bin/clang -target armv7a-linux-androideabi24 -fomit-frame-pointer -march=armv7-a -mfloat-abi=softfp -mfpu=vfp -mthumb -fPIC -Wsign-compare -DNDEBUG -g -fwrapv -O3 -Wall -target armv7a-linux-androideabi24 -fomit-frame-pointer -march=armv7-a -mfloat-abi=softfp -mfpu=vfp -mthumb -fPIC -I/home/admin/openclaw/workspace/loan-assistant/.buildozer/android/platform/build-arm64-v8a_armeabi-v7a/build/other_builds/python3/armeabi-v7a__ndk_target_24/python3/Include -DANDROID -I/home/admin/.buildozer/android/platform/android-ndk-r25b/toolchains/llvm/prebuilt/linux-x86_64/sysroot/usr/include -I/home/admin/openclaw/workspace/loan-assistant/.buildozer/android/platform/build-arm64-v8a_armeabi-v7a/build/python-installs/loanassistant/armeabi-v7a/include/python3.1 -fPIC -I/home/admin/openclaw/workspace/loan-assistant/.buildozer/android/platform/build-arm64-v8a_armeabi-v7a/build/other_builds/kivy/armeabi-v7a__ndk_target_24/kivy/kivy/include -I/home/admin/openclaw/workspace/loan-assistant/.buildozer/android/platform/build-arm64-v8a_armeabi-v7a/build/bootstrap_builds/sdl2/jni/SDL/include -I/home/admin/openclaw/workspace/loan-assistant/.buildozer/android/platform/build-arm64-v8a_armeabi-v7a/build/bootstrap_builds/sdl2/jni/SDL2_image/include -I/home/admin/openclaw/workspace/loan-assistant/.buildozer/android/platform/build-arm64-v8a_armeabi-v7a/build/bootstrap_builds/sdl2/jni/SDL2_mixer/include -I/home/admin/openclaw/workspace/loan-assistant/.buildozer/android/platform/build-arm64-v8a_armeabi-v7a/build/bootstrap_builds/sdl2/jni/SDL2_ttf -I/home/admin/openclaw/workspace/loan-assistant/.buildozer/android/platform/build-arm64-v8a_armeabi-v7a/build/other_builds/hostpython3/desktop/hostpython3/Include -I/home/admin/openclaw/workspace/loan-assistant/.buildozer/android/platform/build-arm64-v8a_armeabi-v7a/build/other_builds/hostpython3/desktop/hostpython3/native-build -c /home/admin/openclaw/workspace/loan-assistant/.buildozer/android/platform/build-arm64-v8a_armeabi-v7a/build/other_builds/kivy/armeabi-v7a__ndk_target_24/kivy/kivy/core/window/_window_sdl2.c -o build/temp.linux-x86_64-3.11/home/admin/openclaw/workspace/loan-assistant/.buildozer/android/platform/build-arm64-v8a_armeabi-v7a/build/other_builds/kivy/armeabi-v7a__ndk_target_24/kivy/kivy/core/window/_window_sdl2.o
[1m[90m[DEBUG][39m[0m:   	clang-14: error: no such file or directory: '/home/admin/openclaw/workspace/loan-assistant/.buildozer/android/platform/build-arm64-v8a_armeabi-v7a/build/other_builds/kivy/armeabi-v7a__ndk_target_24/kivy/kivy/graphics/tesselator.c'
[1m[90m[DEBUG][39m[0m:   	clang-14: error: no input files
[1m[90m[DEBUG][39m[0m:   	building 'kivy.core.image._img_sdl2' extension
[1m[90m[DEBUG][39m[0m:   	creating build/temp.linux-x86_64-3.11/home/admin/openclaw/workspace/loan-assistant/.buildozer/android/platform/build-arm64-v8a_armeabi-v7a/build/other_builds/kivy/armeabi-v7a__ndk_target_24/kivy/kivy/core/image
[1m[90m[DEBUG][39m[0m:   	/home/admin/.buildozer/android/platform/android-ndk-r25b/toolchains/llvm/prebuilt/linux-x86_64/bin/clang -target armv7a-linux-androideabi24 -fomit-frame-pointer -march=armv7-a -mfloat-abi=softfp -mfpu=vfp -mthumb -fPIC -Wsign-compare -DNDEBUG -g -fwrapv -O3 -Wall -target armv7a-linux-androideabi24 -fomit-frame-pointer -march=armv7-a -mfloat-abi=softfp -mfpu=vfp -mthumb -fPIC -I/home/admin/openclaw/workspace/loan-assistant/.buildozer/android/platform/build-arm64-v8a_armeabi-v7a/build/other_builds/python3/armeabi-v7a__ndk_target_24/python3/Include -DANDROID -I/home/admin/.buildozer/android/platform/android-ndk-r25b/toolchains/llvm/prebuilt/linux-x86_64/sysroot/usr/include -I/home/admin/openclaw/workspace/loan-assistant/.buildozer/android/platform/build-arm64-v8a_armeabi-v7a/build/python-installs/loanassistant/armeabi-v7a/include/python3.1 -fPIC -I/home/admin/openclaw/workspace/loan-assistant/.buildozer/android/platform/build-arm64-v8a_armeabi-v7a/build/other_builds/kivy/armeabi-v7a__ndk_target_24/kivy/kivy/include -I/home/admin/openclaw/workspace/loan-assistant/.buildozer/android/platform/build-arm64-v8a_armeabi-v7a/build/bootstrap_builds/sdl2/jni/SDL/include -I/home/admin/openclaw/workspace/loan-assistant/.buildozer/android/platform/build-arm64-v8a_armeabi-v7a/build/bootstrap_builds/sdl2/jni/SDL2_image/include -I/home/admin/openclaw/workspace/loan-assistant/.buildozer/android/platform/build-arm64-v8a_armeabi-v7a/build/bootstrap_builds/sdl2/jni/SDL2_mixer/include -I/home/admin/openclaw/workspace/loan-assistant/.buildozer/android/platform/build-arm64-v8a_armeabi-v7a/build/bootstrap_builds/sdl2/jni/SDL2_ttf -I/home/admin/openclaw/workspace/loan-assistant/.buildozer/android/platform/build-arm64-v8a_armeabi-v7a/build/other_builds/hostpython3/desktop/hostpython3/Include -I/home/admin/openclaw/workspace/loan-assistant/.buildozer/android/platform/build-arm64-v8a_armeabi-v7a/build/other_builds/hostpython3/desktop/hostpython3/native-build -c /home/admin/openclaw/workspace/loan-assistant/.buildozer/android/platform/build-arm64-v8a_armeabi-v7a/build/other_builds/kivy/armeabi-v7a__ndk_target_24/kivy/kivy/core/image/_img_sdl2.c -o build/temp.linux-x86_64-3.11/home/admin/openclaw/workspace/loan-assistant/.buildozer/android/platform/build-arm64-v8a_armeabi-v7a/build/other_builds/kivy/armeabi-v7a__ndk_target_24/kivy/kivy/core/image/_img_sdl2.o
[1m[90m[DEBUG][39m[0m:   	clang-14: error: no such file or directory: '/home/admin/openclaw/workspace/loan-assistant/.buildozer/android/platform/build-arm64-v8a_armeabi-v7a/build/other_builds/kivy/armeabi-v7a__ndk_target_24/kivy/kivy/graphics/boxshadow.c'
[1m[90m[DEBUG][39m[0m:   	clang-14: error: no input files
[1m[90m[DEBUG][39m[0m:   	building 'kivy.core.text._text_sdl2' extension
[1m[90m[DEBUG][39m[0m:   	/home/admin/.buildozer/android/platform/android-ndk-r25b/toolchains/llvm/prebuilt/linux-x86_64/bin/clang -target armv7a-linux-androideabi24 -fomit-frame-pointer -march=armv7-a -mfloat-abi=softfp -mfpu=vfp -mthumb -fPIC -Wsign-compare -DNDEBUG -g -fwrapv -O3 -Wall -target armv7a-linux-androideabi24 -fomit-frame-pointer -march=armv7-a -mfloat-abi=softfp -mfpu=vfp -mthumb -fPIC -I/home/admin/openclaw/workspace/loan-assistant/.buildozer/android/platform/build-arm64-v8a_armeabi-v7a/build/other_builds/python3/armeabi-v7a__ndk_target_24/python3/Include -DANDROID -I/home/admin/.buildozer/android/platform/android-ndk-r25b/toolchains/llvm/prebuilt/linux-x86_64/sysroot/usr/include -I/home/admin/openclaw/workspace/loan-assistant/.buildozer/android/platform/build-arm64-v8a_armeabi-v7a/build/python-installs/loanassistant/armeabi-v7a/include/python3.1 -fPIC -I/home/admin/openclaw/workspace/loan-assistant/.buildozer/android/platform/build-arm64-v8a_armeabi-v7a/build/other_builds/kivy/armeabi-v7a__ndk_target_24/kivy/kivy/include -I/home/admin/openclaw/workspace/loan-assistant/.buildozer/android/platform/build-arm64-v8a_armeabi-v7a/build/bootstrap_builds/sdl2/jni/SDL/include -I/home/admin/openclaw/workspace/loan-assistant/.buildozer/android/platform/build-arm64-v8a_armeabi-v7a/build/bootstrap_builds/sdl2/jni/SDL2_image/include -I/home/admin/openclaw/workspace/loan-assistant/.buildozer/android/platform/build-arm64-v8a_armeabi-v7a/build/bootstrap_builds/sdl2/jni/SDL2_mixer/include -I/home/admin/openclaw/workspace/loan-assistant/.buildozer/android/platform/build-arm64-v8a_armeabi-v7a/build/bootstrap_builds/sdl2/jni/SDL2_ttf -I/home/admin/openclaw/workspace/loan-assistant/.buildozer/android/platform/build-arm64-v8a_armeabi-v7a/build/other_builds/hostpython3/desktop/hostpython3/Include -I/home/admin/openclaw/workspace/loan-assistant/.buildozer/android/platform/build-arm64-v8a_armeabi-v7a/build/other_builds/hostpython3/desktop/hostpython3/native-build -c /home/admin/openclaw/workspace/loan-assistant/.buildozer/android/platform/build-arm64-v8a_armeabi-v7a/build/other_builds/kivy/armeabi-v7a__ndk_target_24/kivy/kivy/core/text/_text_sdl2.c -o build/temp.linux-x86_64-3.11/home/admin/openclaw/workspace/loan-assistant/.buildozer/android/platform/build-arm64-v8a_armeabi-v7a/build/other_builds/kivy/armeabi-v7a__ndk_target_24/kivy/kivy/core/text/_text_sdl2.o
[1m[90m[DEBUG][39m[0m:   	clang-14: error: clang-14: error: no such file or directory: '/home/admin/openclaw/workspace/loan-assistant/.buildozer/android/platform/build-arm64-v8a_armeabi-v7a/build/other_builds/kivy/armeabi-v7a__ndk_target_24/kivy/kivy/graphics/svg.c'
[1m[90m[DEBUG][39m[0m:   	clang-14: error: no input files
[1m[90m[DEBUG][39m[0m:   	no such file or directory: '/home/admin/openclaw/workspace/loan-assistant/.buildozer/android/platform/build-arm64-v8a_armeabi-v7a/build/other_builds/kivy/armeabi-v7a__ndk_target_24/kivy/kivy/core/window/_window_sdl2.c'
[1m[90m[DEBUG][39m[0m:   	clang-14: error: no input files
[1m[90m[DEBUG][39m[0m:   	building 'kivy.core.audio.audio_sdl2' extension
[1m[90m[DEBUG][39m[0m:   	creating build/temp.linux-x86_64-3.11/home/admin/openclaw/workspace/loan-assistant/.buildozer/android/platform/build-arm64-v8a_armeabi-v7a/build/other_builds/kivy/armeabi-v7a__ndk_target_24/kivy/kivy/core/audio
[1m[90m[DEBUG][39m[0m:   	/home/admin/.buildozer/android/platform/android-ndk-r25b/toolchains/llvm/prebuilt/linux-x86_64/bin/clang -target armv7a-linux-androideabi24 -fomit-frame-pointer -march=armv7-a -mfloat-abi=softfp -mfpu=vfp -mthumb -fPIC -Wsign-compare -DNDEBUG -g -fwrapv -O3 -Wall -target armv7a-linux-androideabi24 -fomit-frame-pointer -march=armv7-a -mfloat-abi=softfp -mfpu=vfp -mthumb -fPIC -I/home/admin/openclaw/workspace/loan-assistant/.buildozer/android/platform/build-arm64-v8a_armeabi-v7a/build/other_builds/python3/armeabi-v7a__ndk_target_24/python3/Include -DANDROID -I/home/admin/.buildozer/android/platform/android-ndk-r25b/toolchains/llvm/prebuilt/linux-x86_64/sysroot/usr/include -I/home/admin/openclaw/workspace/loan-assistant/.buildozer/android/platform/build-arm64-v8a_armeabi-v7a/build/python-installs/loanassistant/armeabi-v7a/include/python3.1 -fPIC -I/home/admin/openclaw/workspace/loan-assistant/.buildozer/android/platform/build-arm64-v8a_armeabi-v7a/build/other_builds/kivy/armeabi-v7a__ndk_target_24/kivy/kivy/include -I/home/admin/openclaw/workspace/loan-assistant/.buildozer/android/platform/build-arm64-v8a_armeabi-v7a/build/bootstrap_builds/sdl2/jni/SDL/include -I/home/admin/openclaw/workspace/loan-assistant/.buildozer/android/platform/build-arm64-v8a_armeabi-v7a/build/bootstrap_builds/sdl2/jni/SDL2_image/include -I/home/admin/openclaw/workspace/loan-assistant/.buildozer/android/platform/build-arm64-v8a_armeabi-v7a/build/bootstrap_builds/sdl2/jni/SDL2_mixer/include -I/home/admin/openclaw/workspace/loan-assistant/.buildozer/android/platform/build-arm64-v8a_armeabi-v7a/build/bootstrap_builds/sdl2/jni/SDL2_ttf -I/home/admin/openclaw/workspace/loan-assistant/.buildozer/android/platform/build-arm64-v8a_armeabi-v7a/build/other_builds/hostpython3/desktop/hostpython3/Include -I/home/admin/openclaw/workspace/loan-assistant/.buildozer/android/platform/build-arm64-v8a_armeabi-v7a/build/other_builds/hostpython3/desktop/hostpython3/native-build -c /home/admin/openclaw/workspace/loan-assistant/.buildozer/android/platform/build-arm64-v8a_armeabi-v7a/build/other_builds/kivy/armeabi-v7a__ndk_target_24/kivy/kivy/core/audio/audio_sdl2.c -o build/temp.linux-x86_64-3.11/home/admin/openclaw/workspace/loan-assistant/.buildozer/android/platform/build-arm64-v8a_armeabi-v7a/build/other_builds/kivy/armeabi-v7a__ndk_target_24/kivy/kivy/core/audio/audio_sdl2.o
[1m[90m[DEBUG][39m[0m:   	building 'kivy.core.clipboard._clipboard_sdl2' extension
[1m[90m[DEBUG][39m[0m:   	creating build/temp.linux-x86_64-3.11/home/admin/openclaw/workspace/loan-assistant/.buildozer/android/platform/build-arm64-v8a_armeabi-v7a/build/other_builds/kivy/armeabi-v7a__ndk_target_24/kivy/kivy/core/clipboard
[1m[90m[DEBUG][39m[0m:   	/home/admin/.buildozer/android/platform/android-ndk-r25b/toolchains/llvm/prebuilt/linux-x86_64/bin/clang -target armv7a-linux-androideabi24 -fomit-frame-pointer -march=armv7-a -mfloat-abi=softfp -mfpu=vfp -mthumb -fPIC -Wsign-compare -DNDEBUG -g -fwrapv -O3 -Wall -target armv7a-linux-androideabi24 -fomit-frame-pointer -march=armv7-a -mfloat-abi=softfp -mfpu=vfp -mthumb -fPIC -I/home/admin/openclaw/workspace/loan-assistant/.buildozer/android/platform/build-arm64-v8a_armeabi-v7a/build/other_builds/python3/armeabi-v7a__ndk_target_24/python3/Include -DANDROID -I/home/admin/.buildozer/android/platform/android-ndk-r25b/toolchains/llvm/prebuilt/linux-x86_64/sysroot/usr/include -I/home/admin/openclaw/workspace/loan-assistant/.buildozer/android/platform/build-arm64-v8a_armeabi-v7a/build/python-installs/loanassistant/armeabi-v7a/include/python3.1 -fPIC -I/home/admin/openclaw/workspace/loan-assistant/.buildozer/android/platform/build-arm64-v8a_armeabi-v7a/build/other_builds/kivy/armeabi-v7a__ndk_target_24/kivy/kivy/include -I/home/admin/openclaw/workspace/loan-assistant/.buildozer/android/platform/build-arm64-v8a_armeabi-v7a/build/bootstrap_builds/sdl2/jni/SDL/include -I/home/admin/openclaw/workspace/loan-assistant/.buildozer/android/platform/build-arm64-v8a_armeabi-v7a/build/bootstrap_builds/sdl2/jni/SDL2_image/include -I/home/admin/openclaw/workspace/loan-assistant/.buildozer/android/platform/build-arm64-v8a_armeabi-v7a/build/bootstrap_builds/sdl2/jni/SDL2_mixer/include -I/home/admin/openclaw/workspace/loan-assistant/.buildozer/android/platform/build-arm64-v8a_armeabi-v7a/build/bootstrap_builds/sdl2/jni/SDL2_ttf -I/home/admin/openclaw/workspace/loan-assistant/.buildozer/android/platform/build-arm64-v8a_armeabi-v7a/build/other_builds/hostpython3/desktop/hostpython3/Include -I/home/admin/openclaw/workspace/loan-assistant/.buildozer/android/platform/build-arm64-v8a_armeabi-v7a/build/other_builds/hostpython3/desktop/hostpython3/native-build -c /home/admin/openclaw/workspace/loan-assistant/.buildozer/android/platform/build-arm64-v8a_armeabi-v7a/build/other_builds/kivy/armeabi-v7a__ndk_target_24/kivy/kivy/core/clipboard/_clipboard_sdl2.c -o build/temp.linux-x86_64-3.11/home/admin/openclaw/workspace/loan-assistant/.buildozer/android/platform/build-arm64-v8a_armeabi-v7a/build/other_builds/kivy/armeabi-v7a__ndk_target_24/kivy/kivy/core/clipboard/_clipboard_sdl2.o
[1m[90m[DEBUG][39m[0m:   	clang-14: error: no such file or directory: '/home/admin/openclaw/workspace/loan-assistant/.buildozer/android/platform/build-arm64-v8a_armeabi-v7a/build/other_builds/kivy/armeabi-v7a__ndk_target_24/kivy/kivy/core/image/_img_sdl2.c'
[1m[90m[DEBUG][39m[0m:   	clang-14: error: no input files
[1m[90m[DEBUG][39m[0m:   	clang-14: error: no such file or directory: '/home/admin/openclaw/workspace/loan-assistant/.buildozer/android/platform/build-arm64-v8a_armeabi-v7a/build/other_builds/kivy/armeabi-v7a__ndk_target_24/kivy/kivy/core/text/_text_sdl2.c'
[1m[90m[DEBUG][39m[0m:   	clang-14: error: no input files
[1m[90m[DEBUG][39m[0m:   	clang-14: error: no such file or directory: '/home/admin/openclaw/workspace/loan-assistant/.buildozer/android/platform/build-arm64-v8a_armeabi-v7a/build/other_builds/kivy/armeabi-v7a__ndk_target_24/kivy/kivy/core/audio/audio_sdl2.c'
[1m[90m[DEBUG][39m[0m:   	clang-14: error: no input files
[1m[90m[DEBUG][39m[0m:   	clang-14: error: no such file or directory: '/home/admin/openclaw/workspace/loan-assistant/.buildozer/android/platform/build-arm64-v8a_armeabi-v7a/build/other_builds/kivy/armeabi-v7a__ndk_target_24/kivy/kivy/core/clipboard/_clipboard_sdl2.c'
[1m[90m[DEBUG][39m[0m:   	clang-14: error: no input files
[1m[90m[DEBUG][39m[0m:   	 error: command '/home/admin/.buildozer/android/platform/android-ndk-r25b/toolchains/llvm/prebuilt/linux-x86_64/bin/clang' failed with exit code 1
Exception in thread background thread for pid 275799:
Traceback (most recent call last):
  File "/usr/lib/python3.10/threading.py", line 1016, in _bootstrap_inner
    self.run()
  File "/usr/lib/python3.10/threading.py", line 953, in run
    self._target(*self._args, **self._kwargs)
  File "/home/admin/.local/lib/python3.10/site-packages/sh.py", line 1641, in wrap
    fn(*rgs, **kwargs)
  File "/home/admin/.local/lib/python3.10/site-packages/sh.py", line 2569, in background_thread
    handle_exit_code(exit_code)
  File "/home/admin/.local/lib/python3.10/site-packages/sh.py", line 2269, in fn
    return self.command.handle_command_exit_code(exit_code)
  File "/home/admin/.local/lib/python3.10/site-packages/sh.py", line 869, in handle_command_exit_code
    raise exc
sh.ErrorReturnCode_1: 

  RAN: /home/admin/openclaw/workspace/loan-assistant/.buildozer/android/platform/build-arm64-v8a_armeabi-v7a/build/other_builds/hostpython3/desktop/hostpython3/native-build/python3 setup.py build_ext -v

  STDOUT:
[INFO   ] [Logger      ] Record log in /home/admin/.kivy/logs/kivy_26-03-24_1.txt
[INFO   ] [Kivy        ] v2.3.0
[INFO   ] [Kivy        ] Installed at "/home/admin/openclaw/workspace/loan-assistant/.buildozer/android/platform/build-arm64-v8a_armeabi-v7a/build/other_builds/kivy/armeabi-v7a__ndk_target_24/kivy/kivy/__init__.py"
[INFO   ] [Python      ] v3.11.5 (main, Mar 24 2026, 16:02:38) [GCC 11.4.0]
[INFO   ] [Python      ] Interpreter at "/home/admin/openclaw/workspace/loan-assistant/.buildozer/android/platform/build-arm64-v8a_armeabi-v7a/build/other_builds/hostpython3/desktop/hostpython3/native-build/python3"
[INFO   ] [Logger      ] Purge log fired. Processing...
[INFO   ] [Logger      ] Purge finished!
Environ change use_sdl2 -> True
Not using cython on android
Current directory is: /home/admin/openclaw/workspace/loan-assistant/.buildozer/android/platform/build-arm64-v8a_armeabi-v7a/build/other_builds/kivy/armeabi-v7a__ndk_target_24/kivy
Source and initial build directory is: /home/admin/openclaw/workspace/loan-assistant/.buildozer/android/platform/build-arm64-v8a_armeabi-v7a/build/other_builds/kivy/armeabi-v7a__ndk_target_24/kivy
Python path is:
/home/admin/openclaw/workspace/loan-assistant/.buildozer/android/platform/build-arm64-v8a_armeabi-v7a/build/other_builds/kivy/armeabi-v7a__ndk_target_24/kivy
/home/admin/openclaw/workspace/loan-assistant/.buildozer/android/platform/build-arm64-v8a_armeabi-v7a/build/other_builds/hostpython3/desktop/hostpython3/native-build/Lib
/home/admin/openclaw/workspace/loan-assistant/.buildozer/android/platform/build-arm64-v8a_armeabi-v7a/build/other_builds/hostpython3/desktop/hostpython3/native-build/Lib/site-packages
/home/admin/openclaw/workspace/loan-assistant/.buildozer/android/platform/build-arm64-v8a_armeabi-v7a/build/other_builds/hostpython3/desktop/hostpython3/native-build/build/lib.linux-x86_64-3.11
/home/admin/openclaw/workspace/loan-assistant/.buildozer/android/platform/build-arm64-v8a_armeabi-v7a/build/other_builds/hostpython3/desktop/hostpython3/native-build/build/temp.linux-x86_64-3.11
/home/admin/openclaw/workspace/loan-assistant/.buildozer/android/platform/build-arm64-v8a_armeabi-v7a/build/other_builds/hostpython3/desktop/hostpython3/native-build/build/scripts-3.11
/usr/local/lib/python311.zip
/home/admin/openclaw/workspace/loan-assistant/.buildozer/android/platform/build-arm64-v8a_armeabi-v7a/build/other_builds/hostpython3/desktop/hostpython3/Lib
/home/admin/openclaw/workspace/loan-assistant/.buildozer/android/platform/build-arm64-v8a_armeabi-v7a/build/other_builds/kivy/armeabi-v7a__ndk_target_24/kivy/kivy/modules
/home/admin/.kivy/mods

Using this graphics system: OpenGL ES 2
WARNING: A problem occurred while running pkg-config --libs --cflags sdl2 SDL2_ttf SDL2_image SDL2_mixer (code 1)

b"Package sdl2 was not found in the pkg-config search path.\nPerhaps you should add the directory containing `sdl2.pc'\nto the PKG_CONFIG_PATH environment variable\nNo package 'sdl2' found\nPackage SDL2_ttf was not found in the pkg-config search path.\nPerhaps you should add the directory containing `SDL2_ttf.pc'\nto the PKG_CONFIG_PATH environment variable\nNo package 'SDL2_ttf' found\nPackage SDL2_image was not found in the pkg-config search path.\nPerhaps you should add the directory containing `SDL2_image.pc'\nto the PKG_CONFIG_PATH environment variable\nNo package 'SDL2_image' found\nPackage SDL2_mixer was not found in the pkg-config search path.\nPerhaps you should add the directory containing `SDL2_mixer.pc'\nto the PKG_CONFIG_PATH environment variable\nNo package 'SDL2_mixer' found\n"

SDL2: found SDL header at /home/admin/openclaw/workspace/loan-assistant/.buildozer/android/platform/build-arm64-v8a_armeabi-v7a/build/bootstrap_builds/sdl2/jni/SDL/include/SDL.h
SDL2: found SDL_mixer header at /home/admin/openclaw/workspace/loan-assistant/.buildozer/android/platform/build-arm64-v8a_armeabi-v7a/build/bootstrap_builds/sdl2/jni/SDL2_mixer/include/SDL_mixer.h
SDL2: found SDL_ttf header at /home/admin/openclaw/workspace/loan-assistant/.buildozer/android/platform/build-arm64-v8a_armeabi-v7a/build/bootstrap_builds/sdl2/jni/SDL2_ttf/SDL_ttf.h
SDL2: found SDL_image header at /home/admin/openclaw/workspace/loan-assistant/.buildozer/android/platform/build-arm64-v8a_armeabi-v7a/build/bootstrap_builds/sdl2/jni/SDL2_image/include/SDL_image.h
running build_ext
Building extensions in parallel using 4 cores
Build configuration is:
 * use_rpi_vidcore_lite = 0
 * use_egl = 0
 * use_opengl_es2 = 1
 * use_opengl_mock = 0
 * use_sdl2 = 1
 * use_pangoft2 = 0
 * use_ios = 0
 * use_android = 1
 * use_mesagl = 0
 * use_x11 = 0
 * use_wayland = 0
 * use_gstreamer = 0
 * use_avfoundation = 0
 * use_osx_frameworks = 0
 * debug_gl = 0
 * kivy_sdl_gl_alpha_size = 8
 * debug = False
Updated /home/admin/openclaw/workspace/loan-assistant/.buildozer/android/platform/build-arm64-v8a_armeabi-v7a/build/other_builds/kivy/armeabi-v7a__ndk_target_24/kivy/kivy/include/config.h
Updated /home/admin/openclaw/workspace/loan-assistant/.buildozer/android/platform/build-arm64-v8a_armeabi-v7a/build/other_builds/kivy/armeabi-v7a__ndk_target_24/kivy/kivy/include/config.pxi
Updated /home/admin/openclaw/workspace/loan-assistant/.buildozer/android/platform/build-arm64-v8a_armeabi-v7a/build/other_builds/kivy/armeabi-v7a__ndk_target_24/kivy/kivy/setupconfig.py
Detected compiler is unix
building 'kivy._event' extension
building 'kivy.properties' extension
building 'kivy._clock' extension
creating build
creating build
building 'kivy.weakproxy' extension
creating build/temp.linux-x86_64-3.11
creating build/temp.linux-x86_64-3.11
creating build/temp.linux-x86_64-3.11
creating build/temp.linux-x86_64-3.11
creating build/temp.linux-x86_64-3.11/home
creating build/temp.linux-x86_64-3.11/home/admin
creating build/temp.linux-x86_64-3.11/home/admin/openclaw
creating build/temp.linux-x86_64-3.11/home/admin/openclaw/workspace
creating build/temp.linux-x86_64-3.11/home
creating build/temp.linux-x86_64-3.11/home
creating build/temp.linux-x86_64-3.11/home/admin/openclaw/workspace
creating build/temp.linux-x86_64-3.11/home/admin/openclaw/workspace/loan-assistant
creating build/temp.linux-x86_64-3.11/home/admin/openclaw/workspace
creating build/temp.linux-x86_64-3.11/home/admin/openclaw/workspace
creating build/temp.linux-x86_64-3.11/home/admin/openclaw/workspace/loan-assistant/.buildozer
creating build/temp.linux-x86_64-3.11/home/admin/openclaw/workspace/loan-assistant/.buildozer
creating build/temp.linux-x86_64-3.11/home/admin/openclaw/workspace/loan-assistant/.buildozer/android
creating build/temp.linux-x86_64-3.11/home/admin/openclaw/workspace/loan-assistant/.buildozer/android
creating build/temp.linux-x86_64-3.11/home/admin/openclaw/workspace/loan-assistant/.buildozer
creating build/temp.linux-x86_64-3.11/home/admin/openclaw/workspace/loan-assistant/.buildozer/android/platform
creating build/temp.linux-x86_64-3.11/home/admin/openclaw/workspace/loan-assistant
creating build/temp.linux-x86_64-3.11/home/admin/openclaw/workspace/loan-assistant/.buildozer/android/platform
creating build/temp.linux-x86_64-3.11/home/admin/openclaw/workspace/loan-assistant/.buildozer/android/platform/build-arm64-v8a_armeabi-v7a
creating build/temp.linux-x86_64-3.11/home/admin/openclaw/workspace/loan-assistant/.buildozer/android/platform/build-arm64-v8a_armeabi-v7a
creating build/temp.linux-x86_64-3.11/home/admin/openclaw/workspace/loan-assistant/.buildozer/android/platform/build-arm64-v8a_armeabi-v7a/build
creating build/temp.linux-x86_64-3.11/home/admin/openclaw/workspace/loan-assistant/.buildozer/android/platform/build-arm64-v8a_armeabi-v7a
creating build/temp.linux-x86_64-3.11/home/admin/openclaw/workspace/loan-assistant/.buildozer/android/platform/build-arm64-v8a_armeabi-v7a/build
creating build/temp.linux-x86_64-3.11/home/admin/openclaw/workspace/loan-assistant/.buildozer/android/platform/build-arm64-v8a_armeabi-v7a/build/other_builds
creating build/temp.linux-x86_64-3.11/home/admin/openclaw/workspace/loan-assistant/.buildozer/android/platform/build-arm64-v8a_armeabi-v7a/build/other_builds/kivy
creating build/temp.linux-x86_64-3.11/home/admin/openclaw/workspace/loan-assistant/.buildozer/android/platform/build-arm64-v8a_armeabi-v7a/build/other_builds/kivy/armeabi-v7a__ndk_target_24
creating build/temp.linux-x86_64-3.11/home/admin/openclaw/workspace/loan-assistant/.buildozer/android/platform/build-arm64-v8a_armeabi-v7a/build
creating build/temp.linux-x86_64-3.11/home/admin/openclaw/workspace/loan-assistant/.buildozer/android/platform/build-arm64-v8a_armeabi-v7a/build/other_builds/kivy/armeabi-v7a__ndk_target_24
creating build/temp.linux-x86_64-3.11/home/admin/openclaw/workspace/loan-assistant/.buildozer/android/platform/build-arm64-v8a_armeabi-v7a/build
creating build/temp.linux-x86_64-3.11/home/admin/openclaw/workspace/loan-assistant/.buildozer/android/platform/build-arm64-v8a_armeabi-v7a/build/other_builds/kivy/armeabi-v7a__ndk_target_24/kivy
creating build/temp.linux-x86_64-3.11/home/admin/openclaw/workspace/loan-assistant/.buildozer/android/platform/build-arm64-v8a_armeabi-v7a/build/other_builds/kivy/armeabi-v7a__ndk_target_24/kivy
creating build/temp.linux-x86_64-3.11/home/admin/openclaw/workspace/loan-assistant/.buildozer/android/platform/build-arm64-v8a_armeabi-v7a/build/other_builds/kivy/armeabi-v7a__ndk_target_24/kivy
creating build/temp.linux-x86_64-3.11/home/admin/openclaw/workspace/loan-assistant/.buildozer/android/platform/build-arm64-v8a_armeabi-v7a/build/other_builds/kivy/armeabi-v7a__ndk_target_24/kivy/kivy
creating build/temp.linux-x86_64-3.11/home/admin/openclaw/workspace/loan-assistant/.buildozer/android/platform/build-arm64-v8a_armeabi-v7a/build/other_builds/kivy/armeabi-v7a__ndk_target_24/kivy/kivy
creating build/temp.linux-x86_64-3.11/home/admin/openclaw/workspace/loan-assistant/.buildozer/android/platform/build-arm64-v8a_armeabi-v7a/build/other_builds/kivy/armeabi-v7a__ndk_target_24/kivy/kivy
/home/admin/.buildozer/android/platform/android-ndk-r25b/toolchains/llvm/prebuilt/linux-x86_64/bin/clang -target armv7a-linux-androideabi24 -fomit-frame-pointer -march=armv7-a -mfloat-abi=softfp -mfpu=vfp -mthumb -fPIC -Wsign-compare -DNDEBUG -g -fwrapv -O3 -Wall -target armv7a-linux-androideabi24 -fomit-frame-pointer -march=armv7-a -mfloat-abi=softfp -mfpu=vfp -mthumb -fPIC -I/home/admin/openclaw/workspace/loan-assistant/.buildozer/android/platform/build-arm64-v8a_armeabi-v7a/build/other_builds/python3/armeabi-v7a__ndk_target_24/python3/Include -DANDROID -I/home/admin/.buildozer/android/platform/android-ndk-r25b/toolchains/llvm/prebuilt/linux-x86_64/sysroot/usr/include -I/home/admin/openclaw/workspace/loan-assistant/.buildozer/android/platform/build-arm64-v8a_armeabi-v7a/build/python-installs/loanassistant/armeabi-v7a/include/python3.1 -fPIC -I/home/admin/openclaw/workspace/loan-assistant/.buildozer/android/platform/build-arm64-v8a_armeabi-v7a/build/other_builds/kivy/armeabi-v7a__ndk_target_24/kivy/kivy/include -I/home/admin/openclaw/workspace/loan-assistant/.buildozer/android/platform/build-arm64-v8a_armeabi-v7a/build/other_builds/hostpython3/desktop/hostpython3/Include -I/home/admin/openclaw/workspace/loan-assistant/.buildozer/android/platform/build-arm64-v8a_armeabi-v7a/build/other_builds/hostpython3/desktop/hostpython3/native-build -c /home/admin/openclaw/workspace/loan-assistant/.buildozer/android/platform/build-arm64-v8a_armeabi-v7a/build/other_builds/kivy/armeabi-v7a__ndk_target_24/kivy/kivy/_event.c -o build/temp.linux-x86_64-3.11/home/admin/openclaw/workspace/loan-assistant/.buildozer/android/platform/build-arm64-v8a_armeabi-v7a/build/other_builds/kivy/armeabi-v7a__ndk_target_24/kivy/kivy/_event.o
/home/admin/.buildozer/android/platform/android-ndk-r25b/toolchains/llvm/prebuilt/linux-x86_64/bin/clang -target armv7a-linux-androideabi24 -fomit-frame-pointer -march=armv7-a -mfloat-abi=softfp -mfpu=vfp -mthumb -fPIC -Wsign-compare -DNDEBUG -g -fwrapv -O3 -Wall -target armv7a-linux-androideabi24 -fomit-frame-pointer -march=armv7-a -mfloat-abi=softfp -mfpu=vfp -mthumb -fPIC -I/home/admin/openclaw/workspace/loan-assistant/.buildozer/android/platform/build-arm64-v8a_armeabi-v7a/build/other_builds/python3/armeabi-v7a__ndk_target_24/python3/Include -DANDROID -I/home/admin/.buildozer/android/platform/android-ndk-r25b/toolchains/llvm/prebuilt/linux-x86_64/sysroot/usr/include -I/home/admin/openclaw/workspace/loan-assistant/.buildozer/android/platform/build-arm64-v8a_armeabi-v7a/build/python-installs/loanassistant/armeabi-v7a/include/python3.1 -fPIC -I/home/admin/openclaw/workspace/loan-assistant/.buildozer/android/platform/build-arm64-v8a_armeabi-v7a/build/other_builds/hostpython3/desktop/hostpython3/Include -I/home/admin/openclaw/workspace/loan-assistant/.buildozer/android/platform/build-arm64-v8a_armeabi-v7a/build/other_builds/hostpython3/desktop/hostpython3/native-build -c /home/admin/openclaw/workspace/loan-assistant/.buildozer/android/platform/build-arm64-v8a_armeabi-v7a/build/other_builds/kivy/armeabi-v7a__ndk_target_24/kivy/kivy/_clock.c -o build/temp.linux-x86_64-3.11/home/admin/openclaw/workspace/loan-assistant/.buildozer/android/platform/build-arm64-v8a_armeabi-v7a/build/other_builds/kivy/armeabi-v7a__ndk_target_24/kivy/kivy/_clock.o
/home/admin/.buildozer/android/platform/android-ndk-r25b/toolchains/llvm/prebuilt/linux-x86_64/bin/clang -target armv7a-linux-androideabi24 -fomit-frame-pointer -march=armv7-a -mfloat-abi=softfp -mfpu=vfp -mthumb -fPIC -Wsign-compare -DNDEBUG -g -fwrapv -O3 -Wall -target armv7a-linux-androideabi24 -fomit-frame-pointer -march=armv7-a -mfloat-abi=softfp -mfpu=vfp -mthumb -fPIC -I/home/admin/openclaw/workspace/loan-assistant/.buildozer/android/platform/build-arm64-v8a_armeabi-v7a/build/other_builds/python3/armeabi-v7a__ndk_target_24/python3/Include -DANDROID -I/home/admin/.buildozer/android/platform/android-ndk-r25b/toolchains/llvm/prebuilt/linux-x86_64/sysroot/usr/include -I/home/admin/openclaw/workspace/loan-assistant/.buildozer/android/platform/build-arm64-v8a_armeabi-v7a/build/python-installs/loanassistant/armeabi-v7a/include/python3.1 -fPIC -I/home/admin/openclaw/workspace/loan-assistant/.buildozer/android/platform/build-arm64-v8a_armeabi-v7a/build/other_builds/kivy/armeabi-v7a__ndk_target_24/kivy/kivy/include -I/home/admin/openclaw/workspace/loan-assistant/.buildozer/android/platform/build-arm64-v8a_armeabi-v7a/build/other_builds/hostpython3/desktop/hostpython3/Include -I/home/admin/openclaw/workspace/loan-assistant/.buildozer/android/platform/build-arm64-v8a_armeabi-v7a/build/other_builds/hostpython3/desktop/hostpython3/native-build -c /home/admin/openclaw/workspace/loan-assistant/.buildozer/android/platform/build-arm64-v8a_armeabi-v7a/build/other_builds/kivy/armeabi-v7a__ndk_target_24/kivy/kivy/properties.c -o build/temp.linux-x86_64-3.11/home/admin/openclaw/workspace/loan-assistant/.buildozer/android/platform/build-arm64-v8a_armeabi-v7a/build/other_builds/kivy/armeabi-v7a__ndk_target_24/kivy/kivy/properties.o
creating build/temp.linux-x86_64-3.11/home/admin/openclaw/workspace/loan-assistant/.buildozer/android/platform/build-arm64-v8a_armeabi-v7a/build/other_builds/kivy/armeabi-v7a__ndk_target_24/kivy
/home/admin/.buildozer/android/platform/android-ndk-r25b/toolchains/llvm/prebuilt/linux-x86_64/bin/clang -target armv7a-linux-androideabi24 -fomit-frame-pointer -march=armv7-a -mfloat-abi=softfp -mfpu=vfp -mthumb -fPIC -Wsign-compare -DNDEBUG -g -fwrapv -O3 -Wall -target armv7a-linux-androideabi24 -fomit-frame-pointer -march=armv7-a -mfloat-abi=softfp -mfpu=vfp -mthumb -fPIC -I/home/admin/openclaw/workspace/loan-assistant/.buildozer/android/platform/build-arm64-v8a_armeabi-v7a/build/other_builds/python3/armeabi-v7a__ndk_target_24/python3/Include -DANDROID -I/home/admin/.buildozer/android/platform/android-ndk-r25b/toolchains/llvm/prebuilt/linux-x86_64/sysroot/usr/include -I/home/admin/openclaw/workspace/loan-assistant/.buildozer/android/platform/build-arm64-v8a_armeabi-v7a/build/python-installs/loanassistant/armeabi-v7a/include/python3.1 -fPIC -I/home/admin/openclaw/workspace/loan-assistant/.buildozer/android/platform/build-arm64-v8a_armeabi-v7a/build/other_builds/hostpython3/desktop/hostpython3/Include -I/home/admin/openclaw/workspace/loan-assistant/.buildozer/android/platform/build-arm64-v8a_armeabi-v7a/build/other_builds/hostpython3/desktop/hostpython3/native-build -c /home/admin/openclaw/workspace/loan-assistant/.buildozer/android/platform/build-arm64-v8a_armeabi-v7a/build/other_builds/kivy/armeabi-v7a__ndk_target_24/kivy/kivy/weakproxy.c -o build/temp.linux-x86_64-3.11/home/admin/openclaw/workspace/loan-assistant/.buildozer/android/platform/build-arm64-v8a_armeabi-v7a/build/other_builds/kivy/armeabi-v7a__ndk_target_24/kivy/kivy/weakproxy.o
clang-14: error: no such file or directory: '/home/admin/openclaw/workspace/loan-assistant/.buildozer/android/platform/build-arm64-v8a_armeabi-v7a/build/other_builds/kivy/armeabi-v7a__ndk_target_24/kivy/kivy/_clock.c'
clang-14: error: no input files
building 'kivy._metrics' extension
/home/admin/.buildozer/android/platform/android-ndk-r25b/toolchains/llvm/prebuilt/linux-x86_64/bin/clang -target armv7a-linux-androideabi24 -fomit-frame-pointer -march=armv7-a -mfloat-abi=softfp -mfpu=vfp -mthumb -fPIC -Wsign-compare -DNDEBUG -g -fwrapv -O3 -Wall -target armv7a-linux-androideabi24 -fomit-frame-pointer -march=armv7-a -mfloat-abi=softfp -mfpu=vfp -mthumb -fPIC -I/home/admin/openclaw/workspace/loan-assistant/.buildozer/android/platform/build-arm64-v8a_armeabi-v7a/build/other_builds/python3/armeabi-v7a__ndk_target_24/python3/Include -DANDROID -I/home/admin/.buildozer/android/platform/android-ndk-r25b/toolchains/llvm/prebuilt/linux-x86_64/sysroot/usr/include -I/home/admin/openclaw/workspace/loan-assistant/.buildozer/android/platform/build-arm64-v8a_armeabi-v7a/build/python-installs/loanassistant/armeabi-v7a/include/python3.1 -fPIC -I/home/admin/openclaw/workspace/loan-assistant/.buildozer/android/platform/build-arm64-v8a_armeabi-v7a/build/other_builds/kivy/armeabi-v7a__ndk_target_24/kivy/kivy/include -I/home/admin/openclaw/workspace/loan-assistant/.buildozer/android/platform/build-arm64-v8a_armeabi-v7a/build/other_builds/hostpython3/desktop/hostpython3/Include -I/home/admin/openclaw/workspace/loan-assistant/.buildozer/android/platform/build-arm64-v8a_armeabi-v7a/build/other_builds/hostpython3/desktop/hostpython3/native-build -c /home/admin/openclaw/workspace/loan-assistant/.buildozer/android/platform/build-arm64-v8a_armeabi-v7a/build/other_builds/kivy/armeabi-v7a__ndk_target_24/kivy/kivy/_metrics.c -o build/temp.linux-x86_64-3.11/home/admin/openclaw/workspace/loan-assistant/.buildozer/android/platform/build-arm64-v8a_armeabi-v7a/build/other_builds/kivy/armeabi-v7a__ndk_target_24/kivy/kivy/_metrics.o
clang-14: error: no such file or directory: '/home/admin/openclaw/workspace/loan-assistant/.buildozer/android/platform/build-arm64-v8a_armeabi-v7a/build/other_builds/kivy/armeabi-v7a__ndk_target_24/kivy/kivy/_event.c'
clang-14: error: no input files
building 'kivy.graphics.buffer' extension
creating build/temp.linux-x86_64-3.11/home/admin/openclaw/workspace/loan-assistant/.buildozer/android/platform/build-arm64-v8a_armeabi-v7a/build/other_builds/kivy/armeabi-v7a__ndk_target_24/kivy/kivy/graphics
/home/admin/.buildozer/android/platform/android-ndk-r25b/toolchains/llvm/prebuilt/linux-x86_64/bin/clang -target armv7a-linux-androideabi24 -fomit-frame-pointer -march=armv7-a -mfloat-abi=softfp -mfpu=vfp -mthumb -fPIC -Wsign-compare -DNDEBUG -g -fwrapv -O3 -Wall -target armv7a-linux-androideabi24 -fomit-frame-pointer -march=armv7-a -mfloat-abi=softfp -mfpu=vfp -mthumb -fPIC -I/home/admin/openclaw/workspace/loan-assistant/.buildozer/android/platform/build-arm64-v8a_armeabi-v7a/build/other_builds/python3/armeabi-v7a__ndk_target_24/python3/Include -DANDROID -I/home/admin/.buildozer/android/platform/android-ndk-r25b/toolchains/llvm/prebuilt/linux-x86_64/sysroot/usr/include -I/home/admin/openclaw/workspace/loan-assistant/.buildozer/android/platform/build-arm64-v8a_armeabi-v7a/build/python-installs/loanassistant/armeabi-v7a/include/python3.1 -fPIC -I/home/admin/openclaw/workspace/loan-assistant/.buildozer/android/platform/build-arm64-v8a_armeabi-v7a/build/other_builds/kivy/armeabi-v7a__ndk_target_24/kivy/kivy/include -I/home/admin/openclaw/workspace/loan-assistant/.buildozer/android/platform/build-arm64-v8a_armeabi-v7a/build/other_builds/kivy/armeabi-v7a__ndk_target_24/kivy/kivy/include -I/home/admin/openclaw/workspace/loan-assistant/.buildozer/android/platform/build-arm64-v8a_armeabi-v7a/build/other_builds/hostpython3/desktop/hostpython3/Include -I/home/admin/openclaw/workspace/loan-assistant/.buildozer/android/platform/build-arm64-v8a_armeabi-v7a/build/other_builds/hostpython3/desktop/hostpython3/native-build -c /home/admin/openclaw/workspace/loan-assistant/.buildozer/android/platform/build-arm64-v8a_armeabi-v7a/build/other_builds/kivy/armeabi-v7a__ndk_target_24/kivy/kivy/graphics/buffer.c -o build/temp.linux-x86_64-3.11/home/admin/openclaw/workspace/loan-assistant/.buildozer/android/platform/build-arm64-v8a_armeabi-v7a/build/other_builds/kivy/armeabi-v7a__ndk_target_24/kivy/kivy/graphics/buffer.o
clang-14: error: no such file or directory: '/home/admin/openclaw/workspace/loan-assistant/.buildozer/android/platform/build-arm64-v8a_armeabi-v7a/build/other_builds/kivy/armeabi-v7a__ndk_target_24/kivy/kivy/properties.c'
clang-14: error: no input files
building 'kivy.graphics.context' extension
/home/admin/.buildozer/android/platform/android-ndk-r25b/toolchains/llvm/prebuilt/linux-x86_64/bin/clang -target armv7a-linux-androideabi24 -fomit-frame-pointer -march=armv7-a -mfloat-abi=softfp -mfpu=vfp -mthumb -fPIC -Wsign-compare -DNDEBUG -g -fwrapv -O3 -Wall -target armv7a-linux-androideabi24 -fomit-frame-pointer -march=armv7-a -mfloat-abi=softfp -mfpu=vfp -mthumb -fPIC -I/home/admin/openclaw/workspace/loan-assistant/.buildozer/android/platform/build-arm64-v8a_armeabi-v7a/build/other_builds/python3/armeabi-v7a__ndk_target_24/python3/Include -DANDROID -I/home/admin/.buildozer/android/platform/android-ndk-r25b/toolchains/llvm/prebuilt/linux-x86_64/sysroot/usr/include -I/home/admin/openclaw/workspace/loan-assistant/.buildozer/android/platform/build-arm64-v8a_armeabi-v7a/build/python-installs/loanassistant/armeabi-v7a/include/python3.1 -fPIC -I/home/admin/openclaw/workspace/loan-assistant/.buildozer/android/platform/build-arm64-v8a_armeabi-v7a/build/other_builds/kivy/armeabi-v7a__ndk_target_24/kivy/kivy/include -I/home/admin/openclaw/workspace/loan-assistant/.buildozer/android/platform/build-arm64-v8a_armeabi-v7a/build/other_builds/kivy/armeabi-v7a__ndk_target_24/kivy/kivy/include -I/home/admin/openclaw/workspace/loan-assistant/.buildozer/android/platform/build-arm64-v8a_armeabi-v7a/build/other_builds/hostpython3/desktop/hostpython3/Include -I/home/admin/openclaw/workspace/loan-assistant/.buildozer/android/platform/build-arm64-v8a_armeabi-v7a/build/other_builds/hostpython3/desktop/hostpython3/native-build -c /home/admin/openclaw/workspace/loan-assistant/.buildozer/android/platform/build-arm64-v8a_armeabi-v7a/build/other_builds/kivy/armeabi-v7a__ndk_target_24/kivy/kivy/graphics/context.c -o build/temp.linux-x86_64-3.11/home/admin/openclaw/workspace/loan-assistant/.buildozer/android/platform/build-arm64-v8a_armeabi-v7a/build/other_builds/kivy/armeabi-v7a__ndk_target_24/kivy/kivy/graphics/context.o
clang-14: error: no such file or directory: '/home/admin/openclaw/workspace/loan-assistant/.buildozer/android/platform/build-arm64-v8a_armeabi-v7a/build/other_builds/kivy/armeabi-v7a__ndk_target_24/kivy/kivy/weakproxy.c'
clang-14: error: no input files
building 'kivy.graphics.compiler' extension
/home/admin/.buildozer/android/platform/android-ndk-r25b/toolchains/llvm/prebuilt/linux-x86_64/bin/clang -target armv7a-linux-androideabi24 -fomit-frame-pointer -march=armv7-a -mfloat-abi=softfp -mfpu=vfp -mthumb -fPIC -Wsign-compare -DNDEBUG -g -fwrapv -O3 -Wall -target armv7a-linux-androideabi24 -fomit-frame-pointer -march=armv7-a -mfloat-abi=softfp -mfpu=vfp -mthumb -fPIC -I/home/admin/openclaw/workspace/loan-assistant/.buildozer/android/platform/build-arm64-v8a_armeabi-v7a/build/other_builds/python3/armeabi-v7a__ndk_target_24/python3/Include -DANDROID -I/home/admin/.buildozer/android/platform/android-ndk-r25b/toolchains/llvm/prebuilt/linux-x86_64/sysroot/usr/include -I/home/admin/openclaw/workspace/loan-assistant/.buildozer/android/platform/build-arm64-v8a_armeabi-v7a/build/python-installs/loanassistant/armeabi-v7a/include/python3.1 -fPIC -I/home/admin/openclaw/workspace/loan-assistant/.buildozer/android/platform/build-arm64-v8a_armeabi-v7a/build/other_builds/kivy/armeabi-v7a__ndk_target_24/kivy/kivy/include -I/home/admin/openclaw/workspace/loan-assistant/.buildozer/android/platform/build-arm64-v8a_armeabi-v7a/build/other_builds/kivy/armeabi-v7a__ndk_target_24/kivy/kivy/include -I/home/admin/openclaw/workspace/loan-assistant/.buildozer/android/platform/build-arm64-v8a_armeabi-v7a/build/other_builds/hostpython3/desktop/hostpython3/Include -I/home/admin/openclaw/workspace/loan-assistant/.buildozer/android/platform/build-arm64-v8a_armeabi-v7a/build/other_builds/hostpython3/desktop/hostpython3/native-build -c /home/admin/openclaw/workspace/loan-assistant/.buildozer/android/platform/build-arm64-v8a_armeabi-v7a/build/other_builds/kivy/armeabi-v7a__ndk_target_24/kivy/kivy/graphics/compiler.c -o build/temp.linux-x86_64-3.11/home/admin/openclaw/workspace/loan-assistant/.buildozer/android/platform/build-arm64-v8a_armeabi-v7a/build/other_builds/kivy/armeabi-v7a__ndk_target_24/kivy/kivy/graphics/compiler.o
clang-14: error: no such file or directory: '/home/admin/openclaw/workspace/loan-assistant/.buildozer/android/platform/build-arm64-v8a_armeabi-v7a/build/other_builds/kivy/armeabi-v7a__ndk_target_24/kivy/kivy/_metrics.c'
clang-14: error: no input files
building 'kivy.graphics.context_instructions' extension
/home/admin/.buildozer/android/platform/android-ndk-r25b/toolchains/llvm/prebuilt/linux-x86_64/bin/clang -target armv7a-linux-androideabi24 -fomit-frame-pointer -march=armv7-a -mfloat-abi=softfp -mfpu=vfp -mthumb -fPIC -Wsign-compare -DNDEBUG -g -fwrapv -O3 -Wall -target armv7a-linux-androideabi24 -fomit-frame-pointer -march=armv7-a -mfloat-abi=softfp -mfpu=vfp -mthumb -fPIC -I/home/admin/openclaw/workspace/loan-assistant/.buildozer/android/platform/build-arm64-v8a_armeabi-v7a/build/other_builds/python3/armeabi-v7a__ndk_target_24/python3/Include -DANDROID -I/home/admin/.buildozer/android/platform/android-ndk-r25b/toolchains/llvm/prebuilt/linux-x86_64/sysroot/usr/include -I/home/admin/openclaw/workspace/loan-assistant/.buildozer/android/platform/build-arm64-v8a_armeabi-v7a/build/python-installs/loanassistant/armeabi-v7a/include/python3.1 -fPIC -I/home/admin/openclaw/workspace/loan-assistant/.buildozer/android/platform/build-arm64-v8a_armeabi-v7a/build/other_builds/kivy/armeabi-v7a__ndk_target_24/kivy/kivy/include -I/home/admin/openclaw/workspace/loan-assistant/.buildozer/android/platform/build-arm64-v8a_armeabi-v7a/build/other_builds/kivy/armeabi-v7a__ndk_target_24/kivy/kivy/include -I/home/admin/openclaw/workspace/loan-assistant/.buildozer/android/platform/build-arm64-v8a_armeabi-v7a/build/other_builds/hostpython3/desktop/hostpython3/Include -I/home/admin/openclaw/workspace/loan-assistant/.buildozer/android/platform/build-arm64-v8a_armeabi-v7a/build/other_builds/hostpython3/desktop/hostpython3/native-build -c /home/admin/openclaw/workspace/loan-assistant/.buildozer/android/platform/build-arm64-v8a_armeabi-v7a/build/other_builds/kivy/armeabi-v7a__ndk_target_24/kivy/kivy/graphics/context_instructions.c -o build/temp.linux-x86_64-3.11/home/admin/openclaw/workspace/loan-assistant/.buildozer/android/platform/build-arm64-v8a_armeabi-v7a/build/other_builds/kivy/armeabi-v7a__ndk_target_24/kivy/kivy/graphics/context_instructions.o
clang-14: error: no such file or directory: '/home/admin/openclaw/workspace/loan-assistant/.buildozer/android/platform/build-arm64-v8a_armeabi-v7a/build/other_builds/kivy/armeabi-v7a__ndk_target_24/kivy/kivy/graphics/compiler.c'
clang-14: error: no input files
clang-14: error: no such file or directory: '/home/admin/openclaw/workspace/loan-assistant/.buildozer/android/platform/build-arm64-v8a_armeabi-v7a/build/other_builds/kivy/armeabi-v7a__ndk_target_24/kivy/kivy/graphics/buffer.c'
clang-14: error: no input files
building 'kivy.graphics.fbo' extension
/home/admin/.buildozer/android/platform/android-ndk-r25b/toolchains/llvm/prebuilt/linux-x86_64/bin/clang -target armv7a-linux-androideabi24 -fomit-frame-pointer -march=armv7-a -mfloat-abi=softfp -mfpu=vfp -mthumb -fPIC -Wsign-compare -DNDEBUG -g -fwrapv -O3 -Wall -target armv7a-linux-androideabi24 -fomit-frame-pointer -march=armv7-a -mfloat-abi=softfp -mfpu=vfp -mthumb -fPIC -I/home/admin/openclaw/workspace/loan-assistant/.buildozer/android/platform/build-arm64-v8a_armeabi-v7a/build/other_builds/python3/armeabi-v7a__ndk_target_24/python3/Include -DANDROID -I/home/admin/.buildozer/android/platform/android-ndk-r25b/toolchains/llvm/prebuilt/linux-x86_64/sysroot/usr/include -I/home/admin/openclaw/workspace/loan-assistant/.buildozer/android/platform/build-arm64-v8a_armeabi-v7a/build/python-installs/loanassistant/armeabi-v7a/include/python3.1 -fPIC -I/home/admin/openclaw/workspace/loan-assistant/.buildozer/android/platform/build-arm64-v8a_armeabi-v7a/build/other_builds/kivy/armeabi-v7a__ndk_target_24/kivy/kivy/include -I/home/admin/openclaw/workspace/loan-assistant/.buildozer/android/platform/build-arm64-v8a_armeabi-v7a/build/other_builds/kivy/armeabi-v7a__ndk_target_24/kivy/kivy/include -I/home/admin/openclaw/workspace/loan-assistant/.buildozer/android/platform/build-arm64-v8a_armeabi-v7a/build/other_builds/hostpython3/desktop/hostpython3/Include -I/home/admin/openclaw/workspace/loan-assistant/.buildozer/android/platform/build-arm64-v8a_armeabi-v7a/build/other_builds/hostpython3/desktop/hostpython3/native-build -c /home/admin/openclaw/workspace/loan-assistant/.buildozer/android/platform/build-arm64-v8a_armeabi-v7a/build/other_builds/kivy/armeabi-v7a__ndk_target_24/kivy/kivy/graphics/fbo.c -o build/temp.linux-x86_64-3.11/home/admin/openclaw/workspace/loan-assistant/.buildozer/android/platform/build-arm64-v8a_armeabi-v7a/build/other_builds/kivy/armeabi-v7a__ndk_target_24/kivy/kivy/graphics/fbo.o
building 'kivy.graphics.gl_instructions' extension
/home/admin/.buildozer/android/platform/android-ndk-r25b/toolchains/llvm/prebuilt/linux-x86_64/bin/clang -target armv7a-linux-androideabi24 -fomit-frame-pointer -march=armv7-a -mfloat-abi=softfp -mfpu=vfp -mthumb -fPIC -Wsign-compare -DNDEBUG -g -fwrapv -O3 -Wall -target armv7a-linux-androideabi24 -fomit-frame-pointer -march=armv7-a -mfloat-abi=softfp -mfpu=vfp -mthumb -fPIC -I/home/admin/openclaw/workspace/loan-assistant/.buildozer/android/platform/build-arm64-v8a_armeabi-v7a/build/other_builds/python3/armeabi-v7a__ndk_target_24/python3/Include -DANDROID -I/home/admin/.buildozer/android/platform/android-ndk-r25b/toolchains/llvm/prebuilt/linux-x86_64/sysroot/usr/include -I/home/admin/openclaw/workspace/loan-assistant/.buildozer/android/platform/build-arm64-v8a_armeabi-v7a/build/python-installs/loanassistant/armeabi-v7a/include/python3.1 -fPIC -I/home/admin/openclaw/workspace/loan-assistant/.buildozer/android/platform/build-arm64-v8a_armeabi-v7a/build/other_builds/kivy/armeabi-v7a__ndk_target_24/kivy/kivy/include -I/home/admin/openclaw/workspace/loan-assistant/.buildozer/android/platform/build-arm64-v8a_armeabi-v7a/build/other_builds/kivy/armeabi-v7a__ndk_target_24/kivy/kivy/include -I/home/admin/openclaw/workspace/loan-assistant/.buildozer/android/platform/build-arm64-v8a_armeabi-v7a/build/other_builds/hostpython3/desktop/hostpython3/Include -I/home/admin/openclaw/workspace/loan-assistant/.buildozer/android/platform/build-arm64-v8a_armeabi-v7a/build/other_builds/hostpython3/desktop/hostpython3/native-build -c /home/admin/openclaw/workspace/loan-assistant/.buildozer/android/platform/build-arm64-v8a_armeabi-v7a/build/other_builds/kivy/armeabi-v7a__ndk_target_24/kivy/kivy/graphics/gl_instructions.c -o build/temp.linux-x86_64-3.11/home/admin/openclaw/workspace/loan-assistant/.buildozer/android/platform/build-arm64-v8a_armeabi-v7a/build/other_builds/kivy/armeabi-v7a__ndk_target_24/kivy/kivy/graphics/gl_instructions.o
clang-14: error: no such file or directory: '/home/admin/openclaw/workspace/loan-assistant/.buildozer/android/platform/build-arm64-v8a_armeabi-v7a/build/other_builds/kivy/armeabi-v7a__ndk_target_24/kivy/kivy/graphics/context.c'
clang-14: error: no such file or directory: '/home/admin/openclaw/workspace/loan-assistant/.buildozer/android/platform/build-arm64-v8a_armeabi-v7a/build/other_builds/kivy/armeabi-v7a__ndk_target_24/kivy/kivy/graphics/context_instructions.c'
clang-14: error: no input files
clang-14: error: no input files
building 'kivy.graphics.instructions' extension
/home/admin/.buildozer/android/platform/android-ndk-r25b/toolchains/llvm/prebuilt/linux-x86_64/bin/clang -target armv7a-linux-androideabi24 -fomit-frame-pointer -march=armv7-a -mfloat-abi=softfp -mfpu=vfp -mthumb -fPIC -Wsign-compare -DNDEBUG -g -fwrapv -O3 -Wall -target armv7a-linux-androideabi24 -fomit-frame-pointer -march=armv7-a -mfloat-abi=softfp -mfpu=vfp -mthumb -fPIC -I/home/admin/openclaw/workspace/loan-assistant/.buildozer/android/platform/build-arm64-v8a_armeabi-v7a/build/other_builds/python3/armeabi-v7a__ndk_target_24/python3/Include -DANDROID -I/home/admin/.buildozer/android/platform/android-ndk-r25b/toolchains/llvm/prebuilt/linux-x86_64/sysroot/usr/include -I/home/admin/openclaw/workspace/loan-assistant/.buildozer/android/platform/build-arm64-v8a_armeabi-v7a/build/python-installs/loanassistant/armeabi-v7a/include/python3.1 -fPIC -I/home/admin/openclaw/workspace/loan-assistant/.buildozer/android/platform/build-arm64-v8a_armeabi-v7a/build/other_builds/kivy/armeabi-v7a__ndk_target_24/kivy/kivy/include -I/home/admin/openclaw/workspace/loan-assistant/.buildozer/android/platform/build-arm64-v8a_armeabi-v7a/build/other_builds/kivy/armeabi-v7a__ndk_target_24/kivy/kivy/include -I/home/admin/openclaw/workspace/loan-assistant/.buildozer/android/platform/build-arm64-v8a_armeabi-v7a/build/other_builds/hostpython3/desktop/hostpython3/Include -I/home/admin/openclaw/workspace/loan-assistant/.buildozer/android/platform/build-arm64-v8a_armeabi-v7a/build/other_builds/hostpython3/desktop/hostpython3/native-build -c /home/admin/openclaw/workspace/loan-assistant/.buildozer/android/platform/build-arm64-v8a_armeabi-v7a/build/other_builds/kivy/armeabi-v7a__ndk_target_24/kivy/kivy/graphics/instructions.c -o build/temp.linux-x86_64-3.11/home/admin/openclaw/workspace/loan-assistant/.buildozer/android/platform/build-arm64-v8a_armeabi-v7a/build/other_builds/kivy/armeabi-v7a__ndk_target_24/kivy/kivy/graphics/instructions.o
building 'kivy.graphics.opengl' extension
/home/admin/.buildozer/android/platform/android-ndk-r25b/toolchains/llvm/prebuilt/linux-x86_64/bin/clang -target armv7a-linux-androideabi24 -fomit-frame-pointer -march=armv7-a -mfloat-abi=softfp -mfpu=vfp -mthumb -fPIC -Wsign-compare -DNDEBUG -g -fwrapv -O3 -Wall -target armv7a-linux-androideabi24 -fomit-frame-pointer -march=armv7-a -mfloat-abi=softfp -mfpu=vfp -mthumb -fPIC -I/home/admin/openclaw/workspace/loan-assistant/.buildozer/android/platform/build-arm64-v8a_armeabi-v7a/build/other_builds/python3/armeabi-v7a__ndk_target_24/python3/Include -DANDROID -I/home/admin/.buildozer/android/platform/android-ndk-r25b/toolchains/llvm/prebuilt/linux-x86_64/sysroot/usr/include -I/home/admin/openclaw/workspace/loan-assistant/.buildozer/android/platform/build-arm64-v8a_armeabi-v7a/build/python-installs/loanassistant/armeabi-v7a/include/python3.1 -fPIC -I/home/admin/openclaw/workspace/loan-assistant/.buildozer/android/platform/build-arm64-v8a_armeabi-v7a/build/other_builds/kivy/armeabi-v7a__ndk_target_24/kivy/kivy/include -I/home/admin/openclaw/workspace/loan-assistant/.buildozer/android/platform/build-arm64-v8a_armeabi-v7a/build/other_builds/kivy/armeabi-v7a__ndk_target_24/kivy/kivy/include -I/home/admin/openclaw/workspace/loan-assistant/.buildozer/android/platform/build-arm64-v8a_armeabi-v7a/build/other_builds/hostpython3/desktop/hostpython3/Include -I/home/admin/openclaw/workspace/loan-assistant/.buildozer/android/platform/build-arm64-v8a_armeabi-v7a/build/other_builds/hostpython3/desktop/hostpython3/native-build -c /home/admin/openclaw/workspace/loan-assistant/.buildozer/android/platform/build-arm64-v8a_armeabi-v7a/build/other_builds/kivy/armeabi-v7a__ndk_target_24/kivy/kivy/graphics/opengl.c -o build/temp.linux-x86_64-3.11/home/admin/openclaw/workspace/loan-assistant/.buildozer/android/platform/build-arm64-v8a_armeabi-v7a/build/other_builds/kivy/armeabi-v7a__ndk_target_24/kivy/kivy/graphics/opengl.o
clang-14: error: no such file or directory: '/home/admin/openclaw/workspace/loan-assistant/.buildozer/android/platform/build-arm64-v8a_armeabi-v7a/build/other_builds/kivy/armeabi-v7a__ndk_target_24/kivy/kivy/graphics/fbo.c'
clang-14: error: no input files
building 'kivy.graphics.opengl_utils' extension
/home/admin/.buildozer/android/platform/android-ndk-r25b/toolchains/llvm/prebuilt/linux-x86_64/bin/clang -target armv7a-linux-androideabi24 -fomit-frame-pointer -march=armv7-a -mfloat-abi=softfp -mfpu=vfp -mthumb -fPIC -Wsign-compare -DNDEBUG -g -fwrapv -O3 -Wall -target armv7a-linux-androideabi24 -fomit-frame-pointer -march=armv7-a -mfloat-abi=softfp -mfpu=vfp -mthumb -fPIC -I/home/admin/openclaw/workspace/loan-assistant/.buildozer/android/platform/build-arm64-v8a_armeabi-v7a/build/other_builds/python3/armeabi-v7a__ndk_target_24/python3/Include -DANDROID -I/home/admin/.buildozer/android/platform/android-ndk-r25b/toolchains/llvm/prebuilt/linux-x86_64/sysroot/usr/include -I/home/admin/openclaw/workspace/loan-assistant/.buildozer/android/platform/build-arm64-v8a_armeabi-v7a/build/python-installs/loanassistant/armeabi-v7a/include/python3.1 -fPIC -I/home/admin/openclaw/workspace/loan-assistant/.buildozer/android/platform/build-arm64-v8a_armeabi-v7a/build/other_builds/kivy/armeabi-v7a__ndk_target_24/kivy/kivy/include -I/home/admin/openclaw/workspace/loan-assistant/.buildozer/android/platform/build-arm64-v8a_armeabi-v7a/build/other_builds/kivy/armeabi-v7a__ndk_target_24/kivy/kivy/include -I/home/admin/openclaw/workspace/loan-assistant/.buildozer/android/platform/build-arm64-v8a_armeabi-v7a/build/other_builds/hostpython3/desktop/hostpython3/Include -I/home/admin/openclaw/workspace/loan-assistant/.buildozer/android/platform/build-arm64-v8a_armeabi-v7a/build/other_builds/hostpython3/desktop/hostpython3/native-build -c /home/admin/openclaw/workspace/loan-assistant/.buildozer/android/platform/build-arm64-v8a_armeabi-v7a/build/other_builds/kivy/armeabi-v7a__ndk_target_24/kivy/kivy/graphics/opengl_utils.c -o build/temp.linux-x86_64-3.11/home/admin/openclaw/workspace/loan-assistant/.buildozer/android/platform/build-arm64-v8a_armeabi-v7a/build/other_builds/kivy/armeabi-v7a__ndk_target_24/kivy/kivy/graphics/opengl_utils.o
clang-14: error: no such file or directory: '/home/admin/openclaw/workspace/loan-assistant/.buildozer/android/platform/build-arm64-v8a_armeabi-v7a/build/other_builds/kivy/armeabi-v7a__ndk_target_24/kivy/kivy/graphics/gl_instructions.c'
clang-14: error: no input files
building 'kivy.graphics.shader' extension
/home/admin/.buildozer/android/platform/android-ndk-r25b/toolchains/llvm/prebuilt/linux-x86_64/bin/clang -target armv7a-linux-androideabi24 -fomit-frame-pointer -march=armv7-a -mfloat-abi=softfp -mfpu=vfp -mthumb -fPIC -Wsign-compare -DNDEBUG -g -fwrapv -O3 -Wall -target armv7a-linux-androideabi24 -fomit-frame-pointer -march=armv7-a -mfloat-abi=softfp -mfpu=vfp -mthumb -fPIC -I/home/admin/openclaw/workspace/loan-assistant/.buildozer/android/platform/build-arm64-v8a_armeabi-v7a/build/other_builds/python3/armeabi-v7a__ndk_target_24/python3/Include -DANDROID -I/home/admin/.buildozer/android/platform/android-ndk-r25b/toolchains/llvm/prebuilt/linux-x86_64/sysroot/usr/include -I/home/admin/openclaw/workspace/loan-assistant/.buildozer/android/platform/build-arm64-v8a_armeabi-v7a/build/python-installs/loanassistant/armeabi-v7a/include/python3.1 -fPIC -I/home/admin/openclaw/workspace/loan-assistant/.buildozer/android/platform/build-arm64-v8a_armeabi-v7a/build/other_builds/kivy/armeabi-v7a__ndk_target_24/kivy/kivy/include -I/home/admin/openclaw/workspace/loan-assistant/.buildozer/android/platform/build-arm64-v8a_armeabi-v7a/build/other_builds/kivy/armeabi-v7a__ndk_target_24/kivy/kivy/include -I/home/admin/openclaw/workspace/loan-assistant/.buildozer/android/platform/build-arm64-v8a_armeabi-v7a/build/other_builds/hostpython3/desktop/hostpython3/Include -I/home/admin/openclaw/workspace/loan-assistant/.buildozer/android/platform/build-arm64-v8a_armeabi-v7a/build/other_builds/hostpython3/desktop/hostpython3/native-build -c /home/admin/openclaw/workspace/loan-assistant/.buildozer/android/platform/build-arm64-v8a_armeabi-v7a/build/other_builds/kivy/armeabi-v7a__ndk_target_24/kivy/kivy/graphics/shader.c -o build/temp.linux-x86_64-3.11/home/admin/openclaw/workspace/loan-assistant/.buildozer/android/platform/build-arm64-v8a_armeabi-v7a/build/other_builds/kivy/armeabi-v7a__ndk_target_24/kivy/kivy/graphics/shader.o
clang-14: error: no such file or directory: '/home/admin/openclaw/workspace/loan-assistant/.buildozer/android/platform/build-arm64-v8a_armeabi-v7a/build/other_builds/kivy/armeabi-v7a__ndk_target_24/kivy/kivy/graphics/instructions.c'
clang-14: error: no input files
building 'kivy.graphics.stencil_instructions' extension
/home/admin/.buildozer/android/platform/android-ndk-r25b/toolchains/llvm/prebuilt/linux-x86_64/bin/clang -target armv7a-linux-androideabi24 -fomit-frame-pointer -march=armv7-a -mfloat-abi=softfp -mfpu=vfp -mthumb -fPIC -Wsign-compare -DNDEBUG -g -fwrapv -O3 -Wall -target armv7a-linux-androideabi24 -fomit-frame-pointer -march=armv7-a -mfloat-abi=softfp -mfpu=vfp -mthumb -fPIC -I/home/admin/openclaw/workspace/loan-assistant/.buildozer/android/platform/build-arm64-v8a_armeabi-v7a/build/other_builds/python3/armeabi-v7a__ndk_target_24/python3/Include -DANDROID -I/home/admin/.buildozer/android/platform/android-ndk-r25b/toolchains/llvm/prebuilt/linux-x86_64/sysroot/usr/include -I/home/admin/openclaw/workspace/loan-assistant/.buildozer/android/platform/build-arm64-v8a_armeabi-v7a/build/python-installs/loanassistant/armeabi-v7a/include/python3.1 -fPIC -I/home/admin/openclaw/workspace/loan-assistant/.buildozer/android/platform/build-arm64-v8a_armeabi-v7a/build/other_builds/kivy/armeabi-v7a__ndk_target_24/kivy/kivy/include -I/home/admin/openclaw/workspace/loan-assistant/.buildozer/android/platform/build-arm64-v8a_armeabi-v7a/build/other_builds/kivy/armeabi-v7a__ndk_target_24/kivy/kivy/include -I/home/admin/openclaw/workspace/loan-assistant/.buildozer/android/platform/build-arm64-v8a_armeabi-v7a/build/other_builds/hostpython3/desktop/hostpython3/Include -I/home/admin/openclaw/workspace/loan-assistant/.buildozer/android/platform/build-arm64-v8a_armeabi-v7a/build/other_builds/hostpython3/desktop/hostpython3/native-build -c /home/admin/openclaw/workspace/loan-assistant/.buildozer/android/platform/build-arm64-v8a_armeabi-v7a/build/other_builds/kivy/armeabi-v7a__ndk_target_24/kivy/kivy/graphics/stencil_instructions.c -o build/temp.linux-x86_64-3.11/home/admin/openclaw/workspace/loan-assistant/.buildozer/android/platform/build-arm64-v8a_armeabi-v7a/build/other_builds/kivy/armeabi-v7a__ndk_target_24/kivy/kivy/graphics/stencil_instructions.o
clang-14: error: no such file or directory: '/home/admin/openclaw/workspace/loan-assistant/.buildozer/android/platform/build-arm64-v8a_armeabi-v7a/build/other_builds/kivy/armeabi-v7a__ndk_target_24/kivy/kivy/graphics/opengl_utils.c'
clang-14: error: no input files
building 'kivy.graphics.scissor_instructions' extension
/home/admin/.buildozer/android/platform/android-ndk-r25b/toolchains/llvm/prebuilt/linux-x86_64/bin/clang -target armv7a-linux-androideabi24 -fomit-frame-pointer -march=armv7-a -mfloat-abi=softfp -mfpu=vfp -mthumb -fPIC -Wsign-compare -DNDEBUG -g -fwrapv -O3 -Wall -target armv7a-linux-androideabi24 -fomit-frame-pointer -march=armv7-a -mfloat-abi=softfp -mfpu=vfp -mthumb -fPIC -I/home/admin/openclaw/workspace/loan-assistant/.buildozer/android/platform/build-arm64-v8a_armeabi-v7a/build/other_builds/python3/armeabi-v7a__ndk_target_24/python3/Include -DANDROID -I/home/admin/.buildozer/android/platform/android-ndk-r25b/toolchains/llvm/prebuilt/linux-x86_64/sysroot/usr/include -I/home/admin/openclaw/workspace/loan-assistant/.buildozer/android/platform/build-arm64-v8a_armeabi-v7a/build/python-installs/loanassistant/armeabi-v7a/include/python3.1 -fPIC -I/home/admin/openclaw/workspace/loan-assistant/.buildozer/android/platform/build-arm64-v8a_armeabi-v7a/build/other_builds/kivy/armeabi-v7a__ndk_target_24/kivy/kivy/include -I/home/admin/openclaw/workspace/loan-assistant/.buildozer/android/platform/build-arm64-v8a_armeabi-v7a/build/other_builds/kivy/armeabi-v7a__ndk_target_24/kivy/kivy/include -I/home/admin/openclaw/workspace/loan-assistant/.buildozer/android/platform/build-arm64-v8a_armeabi-v7a/build/other_builds/hostpython3/desktop/hostpython3/Include -I/home/admin/openclaw/workspace/loan-assistant/.buildozer/android/platform/build-arm64-v8a_armeabi-v7a/build/other_builds/hostpython3/desktop/hostpython3/native-build -c /home/admin/openclaw/workspace/loan-assistant/.buildozer/android/platform/build-arm64-v8a_armeabi-v7a/build/other_builds/kivy/armeabi-v7a__ndk_target_24/kivy/kivy/graphics/scissor_instructions.c -o build/temp.linux-x86_64-3.11/home/admin/openclaw/workspace/loan-assistant/.buildozer/android/platform/build-arm64-v8a_armeabi-v7a/build/other_builds/kivy/armeabi-v7a__ndk_target_24/kivy/kivy/graphics/scissor_instructions.o
clang-14: error: no such file or directory: '/home/admin/openclaw/workspace/loan-assistant/.buildozer/android/platform/build-arm64-v8a_armeabi-v7a/build/other_builds/kivy/armeabi-v7a__ndk_target_24/kivy/kivy/graphics/shader.c'
clang-14: error: no input files
building 'kivy.graphics.texture' extension
/home/admin/.buildozer/android/platform/android-ndk-r25b/toolchains/llvm/prebuilt/linux-x86_64/bin/clang -target armv7a-linux-androideabi24 -fomit-frame-pointer -march=armv7-a -mfloat-abi=softfp -mfpu=vfp -mthumb -fPIC -Wsign-compare -DNDEBUG -g -fwrapv -O3 -Wall -target armv7a-linux-androideabi24 -fomit-frame-pointer -march=armv7-a -mfloat-abi=softfp -mfpu=vfp -mthumb -fPIC -I/home/admin/openclaw/workspace/loan-assistant/.buildozer/android/platform/build-arm64-v8a_armeabi-v7a/build/other_builds/python3/armeabi-v7a__ndk_target_24/python3/Include -DANDROID -I/home/admin/.buildozer/android/platform/android-ndk-r25b/toolchains/llvm/prebuilt/linux-x86_64/sysroot/usr/include -I/home/admin/openclaw/workspace/loan-assistant/.buildozer/android/platform/build-arm64-v8a_armeabi-v7a/build/python-installs/loanassistant/armeabi-v7a/include/python3.1 -fPIC -I/home/admin/openclaw/workspace/loan-assistant/.buildozer/android/platform/build-arm64-v8a_armeabi-v7a/build/other_builds/kivy/armeabi-v7a__ndk_target_24/kivy/kivy/include -I/home/admin/openclaw/workspace/loan-assistant/.buildozer/android/platform/build-arm64-v8a_armeabi-v7a/build/other_builds/kivy/armeabi-v7a__ndk_target_24/kivy/kivy/include -I/home/admin/openclaw/workspace/loan-assistant/.buildozer/android/platform/build-arm64-v8a_armeabi-v7a/build/other_builds/hostpython3/desktop/hostpython3/Include -I/home/admin/openclaw/workspace/loan-assistant/.buildozer/android/platform/build-arm64-v8a_armeabi-v7a/build/other_builds/hostpython3/desktop/hostpython3/native-build -c /home/admin/openclaw/workspace/loan-assistant/.buildozer/android/platform/build-arm64-v8a_armeabi-v7a/build/other_builds/kivy/armeabi-v7a__ndk_target_24/kivy/kivy/graphics/texture.c -o build/temp.linux-x86_64-3.11/home/admin/openclaw/workspace/loan-assistant/.buildozer/android/platform/build-arm64-v8a_armeabi-v7a/build/other_builds/kivy/armeabi-v7a__ndk_target_24/kivy/kivy/graphics/texture.o
clang-14: error: no such file or directory: '/home/admin/openclaw/workspace/loan-assistant/.buildozer/android/platform/build-arm64-v8a_armeabi-v7a/build/other_builds/kivy/armeabi-v7a__ndk_target_24/kivy/kivy/graphics/stencil_instructions.c'
clang-14: error: no input files
building 'kivy.graphics.transformation' extension
/home/admin/.buildozer/android/platform/android-ndk-r25b/toolchains/llvm/prebuilt/linux-x86_64/bin/clang -target armv7a-linux-androideabi24 -fomit-frame-pointer -march=armv7-a -mfloat-abi=softfp -mfpu=vfp -mthumb -fPIC -Wsign-compare -DNDEBUG -g -fwrapv -O3 -Wall -target armv7a-linux-androideabi24 -fomit-frame-pointer -march=armv7-a -mfloat-abi=softfp -mfpu=vfp -mthumb -fPIC -I/home/admin/openclaw/workspace/loan-assistant/.buildozer/android/platform/build-arm64-v8a_armeabi-v7a/build/other_builds/python3/armeabi-v7a__ndk_target_24/python3/Include -DANDROID -I/home/admin/.buildozer/android/platform/android-ndk-r25b/toolchains/llvm/prebuilt/linux-x86_64/sysroot/usr/include -I/home/admin/openclaw/workspace/loan-assistant/.buildozer/android/platform/build-arm64-v8a_armeabi-v7a/build/python-installs/loanassistant/armeabi-v7a/include/python3.1 -fPIC -I/home/admin/openclaw/workspace/loan-assistant/.buildozer/android/platform/build-arm64-v8a_armeabi-v7a/build/other_builds/kivy/armeabi-v7a__ndk_target_24/kivy/kivy/include -I/home/admin/openclaw/workspace/loan-assistant/.buildozer/android/platform/build-arm64-v8a_armeabi-v7a/build/other_builds/kivy/armeabi-v7a__ndk_target_24/kivy/kivy/include -I/home/admin/openclaw/workspace/loan-assistant/.buildozer/android/platform/build-arm64-v8a_armeabi-v7a/build/other_builds/hostpython3/desktop/hostpython3/Include -I/home/admin/openclaw/workspace/loan-assistant/.buildozer/android/platform/build-arm64-v8a_armeabi-v7a/build/other_builds/hostpython3/desktop/hostpython3/native-build -c /home/admin/openclaw/workspace/loan-assistant/.buildozer/android/platform/build-arm64-v8a_armeabi-v7a/build/other_builds/kivy/armeabi-v7a__ndk_target_24/kivy/kivy/graphics/transformation.c -o build/temp.linux-x86_64-3.11/home/admin/openclaw/workspace/loan-assistant/.buildozer/android/platform/build-arm64-v8a_armeabi-v7a/build/other_builds/kivy/armeabi-v7a__ndk_target_24/kivy/kivy/graphics/transformation.o
clang-14: error: no such file or directory: '/home/admin/openclaw/workspace/loan-assistant/.buildozer/android/platform/build-arm64-v8a_armeabi-v7a/build/other_builds/kivy/armeabi-v7a__ndk_target_24/kivy/kivy/graphics/opengl.c'
clang-14: error: no input files
building 'kivy.graphics.vbo' extension
/home/admin/.buildozer/android/platform/android-ndk-r25b/toolchains/llvm/prebuilt/linux-x86_64/bin/clang -target armv7a-linux-androideabi24 -fomit-frame-pointer -march=armv7-a -mfloat-abi=softfp -mfpu=vfp -mthumb -fPIC -Wsign-compare -DNDEBUG -g -fwrapv -O3 -Wall -target armv7a-linux-androideabi24 -fomit-frame-pointer -march=armv7-a -mfloat-abi=softfp -mfpu=vfp -mthumb -fPIC -I/home/admin/openclaw/workspace/loan-assistant/.buildozer/android/platform/build-arm64-v8a_armeabi-v7a/build/other_builds/python3/armeabi-v7a__ndk_target_24/python3/Include -DANDROID -I/home/admin/.buildozer/android/platform/android-ndk-r25b/toolchains/llvm/prebuilt/linux-x86_64/sysroot/usr/include -I/home/admin/openclaw/workspace/loan-assistant/.buildozer/android/platform/build-arm64-v8a_armeabi-v7a/build/python-installs/loanassistant/armeabi-v7a/include/python3.1 -fPIC -I/home/admin/openclaw/workspace/loan-assistant/.buildozer/android/platform/build-arm64-v8a_armeabi-v7a/build/other_builds/kivy/armeabi-v7a__ndk_target_24/kivy/kivy/include -I/home/admin/openclaw/workspace/loan-assistant/.buildozer/android/platform/build-arm64-v8a_armeabi-v7a/build/other_builds/kivy/armeabi-v7a__ndk_target_24/kivy/kivy/include -I/home/admin/openclaw/workspace/loan-assistant/.buildozer/android/platform/build-arm64-v8a_armeabi-v7a/build/other_builds/hostpython3/desktop/hostpython3/Include -I/home/admin/openclaw/workspace/loan-assistant/.buildozer/android/platform/build-arm64-v8a_armeabi-v7a/build/other_builds/hostpython3/desktop/hostpython3/native-build -c /home/admin/openclaw/workspace/loan-assistant/.buildozer/android/platform/build-arm64-v8a_armeabi-v7a/build/other_builds/kivy/armeabi-v7a__ndk_target_24/kivy/kivy/graphics/vbo.c -o build/temp.linux-x86_64-3.11/home/admin/openclaw/workspace/loan-assistant/.buildozer/android/platform/build-arm64-v8a_armeabi-v7a/build/other_builds/kivy/armeabi-v7a__ndk_target_24/kivy/kivy/graphics/vbo.o
clang-14: error: no such file or directory: '/home/admin/openclaw/workspace/loan-assistant/.buildozer/android/platform/build-arm64-v8a_armeabi-v7a/build/other_builds/kivy/armeabi-v7a__ndk_target_24/kivy/kivy/graphics/scissor_instructions.c'
clang-14: error: no input files
building 'kivy.graphics.vertex' extension
/home/admin/.buildozer/android/platform/android-ndk-r25b/toolchains/llvm/prebuilt/linux-x86_64/bin/clang -target armv7a-linux-androideabi24 -fomit-frame-pointer -march=armv7-a -mfloat-abi=softfp -mfpu=vfp -mthumb -fPIC -Wsign-compare -DNDEBUG -g -fwrapv -O3 -Wall -target armv7a-linux-androideabi24 -fomit-frame-pointer -march=armv7-a -mfloat-abi=softfp -mfpu=vfp -mthumb -fPIC -I/home/admin/openclaw/workspace/loan-assistant/.buildozer/android/platform/build-arm64-v8a_armeabi-v7a/build/other_builds/python3/armeabi-v7a__ndk_target_24/python3/Include -DANDROID -I/home/admin/.buildozer/android/platform/android-ndk-r25b/toolchains/llvm/prebuilt/linux-x86_64/sysroot/usr/include -I/home/admin/openclaw/workspace/loan-assistant/.buildozer/android/platform/build-arm64-v8a_armeabi-v7a/build/python-installs/loanassistant/armeabi-v7a/include/python3.1 -fPIC -I/home/admin/openclaw/workspace/loan-assistant/.buildozer/android/platform/build-arm64-v8a_armeabi-v7a/build/other_builds/kivy/armeabi-v7a__ndk_target_24/kivy/kivy/include -I/home/admin/openclaw/workspace/loan-assistant/.buildozer/android/platform/build-arm64-v8a_armeabi-v7a/build/other_builds/kivy/armeabi-v7a__ndk_target_24/kivy/kivy/include -I/home/admin/openclaw/workspace/loan-assistant/.buildozer/android/platform/build-arm64-v8a_armeabi-v7a/build/other_builds/hostpython3/desktop/hostpython3/Include -I/home/admin/openclaw/workspace/loan-assistant/.buildozer/android/platform/build-arm64-v8a_armeabi-v7a/build/other_builds/hostpython3/desktop/hostpython3/native-build -c /home/admin/openclaw/workspace/loan-assistant/.buildozer/android/platform/build-arm64-v8a_armeabi-v7a/build/other_builds/kivy/armeabi-v7a__ndk_target_24/kivy/kivy/graphics/vertex.c -o build/temp.linux-x86_64-3.11/home/admin/openclaw/workspace/loan-assistant/.buildozer/android/platform/build-arm64-v8a_armeabi-v7a/build/other_builds/kivy/armeabi-v7a__ndk_target_24/kivy/kivy/graphics/vertex.o
clang-14: error: no such file or directory: '/home/admin/openclaw/workspace/loan-assistant/.buildozer/android/platform/build-arm64-v8a_armeabi-v7a/build/other_builds/kivy/armeabi-v7a__ndk_target_24/kivy/kivy/graphics/texture.c'
clang-14: error: no input files
clang-14: error: no such file or directory: '/home/admin/openclaw/workspace/loan-assistant/.buildozer/android/platform/build-arm64-v8a_armeabi-v7a/build/other_builds/kivy/armeabi-v7a__ndk_target_24/kivy/kivy/graphics/transformation.c'
clang-14: error: no input files
building 'kivy.graphics.vertex_instructions' extension
/home/admin/.buildozer/android/platform/android-ndk-r25b/toolchains/llvm/prebuilt/linux-x86_64/bin/clang -target armv7a-linux-androideabi24 -fomit-frame-pointer -march=armv7-a -mfloat-abi=softfp -mfpu=vfp -mthumb -fPIC -Wsign-compare -DNDEBUG -g -fwrapv -O3 -Wall -target armv7a-linux-androideabi24 -fomit-frame-pointer -march=armv7-a -mfloat-abi=softfp -mfpu=vfp -mthumb -fPIC -I/home/admin/openclaw/workspace/loan-assistant/.buildozer/android/platform/build-arm64-v8a_armeabi-v7a/build/other_builds/python3/armeabi-v7a__ndk_target_24/python3/Include -DANDROID -I/home/admin/.buildozer/android/platform/android-ndk-r25b/toolchains/llvm/prebuilt/linux-x86_64/sysroot/usr/include -I/home/admin/openclaw/workspace/loan-assistant/.buildozer/android/platform/build-arm64-v8a_armeabi-v7a/build/python-installs/loanassistant/armeabi-v7a/include/python3.1 -fPIC -I/home/admin/openclaw/workspace/loan-assistant/.buildozer/android/platform/build-arm64-v8a_armeabi-v7a/build/other_builds/kivy/armeabi-v7a__ndk_target_24/kivy/kivy/include -I/home/admin/openclaw/workspace/loan-assistant/.buildozer/android/platform/build-arm64-v8a_armeabi-v7a/build/other_builds/kivy/armeabi-v7a__ndk_target_24/kivy/kivy/include -I/home/admin/openclaw/workspace/loan-assistant/.buildozer/android/platform/build-arm64-v8a_armeabi-v7a/build/other_builds/hostpython3/desktop/hostpython3/Include -I/home/admin/openclaw/workspace/loan-assistant/.buildozer/android/platform/build-arm64-v8a_armeabi-v7a/build/other_builds/hostpython3/desktop/hostpython3/native-build -c /home/admin/openclaw/workspace/loan-assistant/.buildozer/android/platform/build-arm64-v8a_armeabi-v7a/build/other_builds/kivy/armeabi-v7a__ndk_target_24/kivy/kivy/graphics/vertex_instructions.c -o build/temp.linux-x86_64-3.11/home/admin/openclaw/workspace/loan-assistant/.buildozer/android/platform/build-arm64-v8a_armeabi-v7a/build/other_builds/kivy/armeabi-v7a__ndk_target_24/kivy/kivy/graphics/vertex_instructions.o
building 'kivy.graphics.cgl' extension
/home/admin/.buildozer/android/platform/android-ndk-r25b/toolchains/llvm/prebuilt/linux-x86_64/bin/clang -target armv7a-linux-androideabi24 -fomit-frame-pointer -march=armv7-a -mfloat-abi=softfp -mfpu=vfp -mthumb -fPIC -Wsign-compare -DNDEBUG -g -fwrapv -O3 -Wall -target armv7a-linux-androideabi24 -fomit-frame-pointer -march=armv7-a -mfloat-abi=softfp -mfpu=vfp -mthumb -fPIC -I/home/admin/openclaw/workspace/loan-assistant/.buildozer/android/platform/build-arm64-v8a_armeabi-v7a/build/other_builds/python3/armeabi-v7a__ndk_target_24/python3/Include -DANDROID -I/home/admin/.buildozer/android/platform/android-ndk-r25b/toolchains/llvm/prebuilt/linux-x86_64/sysroot/usr/include -I/home/admin/openclaw/workspace/loan-assistant/.buildozer/android/platform/build-arm64-v8a_armeabi-v7a/build/python-installs/loanassistant/armeabi-v7a/include/python3.1 -fPIC -I/home/admin/openclaw/workspace/loan-assistant/.buildozer/android/platform/build-arm64-v8a_armeabi-v7a/build/other_builds/kivy/armeabi-v7a__ndk_target_24/kivy/kivy/include -I/home/admin/openclaw/workspace/loan-assistant/.buildozer/android/platform/build-arm64-v8a_armeabi-v7a/build/other_builds/kivy/armeabi-v7a__ndk_target_24/kivy/kivy/include -I/home/admin/openclaw/workspace/loan-assistant/.buildozer/android/platform/build-arm64-v8a_armeabi-v7a/build/other_builds/hostpython3/desktop/hostpython3/Include -I/home/admin/openclaw/workspace/loan-assistant/.buildozer/android/platform/build-arm64-v8a_armeabi-v7a/build/other_builds/hostpython3/desktop/hostpython3/native-build -c /home/admin/openclaw/workspace/loan-assistant/.buildozer/android/platform/build-arm64-v8a_armeabi-v7a/build/other_builds/kivy/armeabi-v7a__ndk_target_24/kivy/kivy/graphics/cgl.c -o build/temp.linux-x86_64-3.11/home/admin/openclaw/workspace/loan-assistant/.buildozer/android/platform/build-arm64-v8a_armeabi-v7a/build/other_builds/kivy/armeabi-v7a__ndk_target_24/kivy/kivy/graphics/cgl.o
clang-14: error: no such file or directory: '/home/admin/openclaw/workspace/loan-assistant/.buildozer/android/platform/build-arm64-v8a_armeabi-v7a/build/other_builds/kivy/armeabi-v7a__ndk_target_24/kivy/kivy/graphics/vertex.c'
clang-14: error: no input files
building 'kivy.graphics.cgl_backend.cgl_mock' extension
creating build/temp.linux-x86_64-3.11/home/admin/openclaw/workspace/loan-assistant/.buildozer/android/platform/build-arm64-v8a_armeabi-v7a/build/other_builds/kivy/armeabi-v7a__ndk_target_24/kivy/kivy/graphics/cgl_backend
/home/admin/.buildozer/android/platform/android-ndk-r25b/toolchains/llvm/prebuilt/linux-x86_64/bin/clang -target armv7a-linux-androideabi24 -fomit-frame-pointer -march=armv7-a -mfloat-abi=softfp -mfpu=vfp -mthumb -fPIC -Wsign-compare -DNDEBUG -g -fwrapv -O3 -Wall -target armv7a-linux-androideabi24 -fomit-frame-pointer -march=armv7-a -mfloat-abi=softfp -mfpu=vfp -mthumb -fPIC -I/home/admin/openclaw/workspace/loan-assistant/.buildozer/android/platform/build-arm64-v8a_armeabi-v7a/build/other_builds/python3/armeabi-v7a__ndk_target_24/python3/Include -DANDROID -I/home/admin/.buildozer/android/platform/android-ndk-r25b/toolchains/llvm/prebuilt/linux-x86_64/sysroot/usr/include -I/home/admin/openclaw/workspace/loan-assistant/.buildozer/android/platform/build-arm64-v8a_armeabi-v7a/build/python-installs/loanassistant/armeabi-v7a/include/python3.1 -fPIC -I/home/admin/openclaw/workspace/loan-assistant/.buildozer/android/platform/build-arm64-v8a_armeabi-v7a/build/other_builds/kivy/armeabi-v7a__ndk_target_24/kivy/kivy/include -I/home/admin/openclaw/workspace/loan-assistant/.buildozer/android/platform/build-arm64-v8a_armeabi-v7a/build/other_builds/kivy/armeabi-v7a__ndk_target_24/kivy/kivy/include -I/home/admin/openclaw/workspace/loan-assistant/.buildozer/android/platform/build-arm64-v8a_armeabi-v7a/build/other_builds/hostpython3/desktop/hostpython3/Include -I/home/admin/openclaw/workspace/loan-assistant/.buildozer/android/platform/build-arm64-v8a_armeabi-v7a/build/other_builds/hostpython3/desktop/hostpython3/native-build -c /home/admin/openclaw/workspace/loan-assistant/.buildozer/android/platform/build-arm64-v8a_armeabi-v7a/build/other_builds/kivy/armeabi-v7a__ndk_target_24/kivy/kivy/graphics/cgl_backend/cgl_mock.c -o build/temp.linux-x86_64-3.11/home/admin/openclaw/workspace/loan-assistant/.buildozer/android/platform/build-arm64-v8a_armeabi-v7a/build/other_builds/kivy/armeabi-v7a__ndk_target_24/kivy/kivy/graphics/cgl_backend/cgl_mock.o
clang-14: error: no such file or directory: '/home/admin/openclaw/workspace/loan-assistant/.buildozer/android/platform/build-arm64-v8a_armeabi-v7a/build/other_builds/kivy/armeabi-v7a__ndk_target_24/kivy/kivy/graphics/cgl.c'
clang-14: error: no input files
building 'kivy.graphics.cgl_backend.cgl_gl' extension
/home/admin/.buildozer/android/platform/android-ndk-r25b/toolchains/llvm/prebuilt/linux-x86_64/bin/clang -target armv7a-linux-androideabi24 -fomit-frame-pointer -march=armv7-a -mfloat-abi=softfp -mfpu=vfp -mthumb -fPIC -Wsign-compare -DNDEBUG -g -fwrapv -O3 -Wall -target armv7a-linux-androideabi24 -fomit-frame-pointer -march=armv7-a -mfloat-abi=softfp -mfpu=vfp -mthumb -fPIC -I/home/admin/openclaw/workspace/loan-assistant/.buildozer/android/platform/build-arm64-v8a_armeabi-v7a/build/other_builds/python3/armeabi-v7a__ndk_target_24/python3/Include -DANDROID -I/home/admin/.buildozer/android/platform/android-ndk-r25b/toolchains/llvm/prebuilt/linux-x86_64/sysroot/usr/include -I/home/admin/openclaw/workspace/loan-assistant/.buildozer/android/platform/build-arm64-v8a_armeabi-v7a/build/python-installs/loanassistant/armeabi-v7a/include/python3.1 -fPIC -I/home/admin/openclaw/workspace/loan-assistant/.buildozer/android/platform/build-arm64-v8a_armeabi-v7a/build/other_builds/kivy/armeabi-v7a__ndk_target_24/kivy/kivy/include -INOTNONE/usr/include -I/home/admin/openclaw/workspace/loan-assistant/.buildozer/android/platform/build-arm64-v8a_armeabi-v7a/build/other_builds/hostpython3/desktop/hostpython3/Include -I/home/admin/openclaw/workspace/loan-assistant/.buildozer/android/platform/build-arm64-v8a_armeabi-v7a/build/other_builds/hostpython3/desktop/hostpython3/native-build -c /home/admin/openclaw/workspace/loan-assistant/.buildozer/android/platform/build-arm64-v8a_armeabi-v7a/build/other_builds/kivy/armeabi-v7a__ndk_target_24/kivy/kivy/graphics/cgl_backend/cgl_gl.c -o build/temp.linux-x86_64-3.11/home/admin/openclaw/workspace/loan-assistant/.buildozer/android/platform/build-arm64-v8a_armeabi-v7a/build/other_builds/kivy/armeabi-v7a__ndk_target_24/kivy/kivy/graphics/cgl_backend/cgl_gl.o
clang-14: error: no such file or directory: '/home/admin/openclaw/workspace/loan-assistant/.buildozer/android/platform/build-arm64-v8a_armeabi-v7a/build/other_builds/kivy/armeabi-v7a__ndk_target_24/kivy/kivy/graphics/vbo.c'
clang-14: error: no input files
building 'kivy.graphics.cgl_backend.cgl_glew' extension
/home/admin/.buildozer/android/platform/android-ndk-r25b/toolchains/llvm/prebuilt/linux-x86_64/bin/clang -target armv7a-linux-androideabi24 -fomit-frame-pointer -march=armv7-a -mfloat-abi=softfp -mfpu=vfp -mthumb -fPIC -Wsign-compare -DNDEBUG -g -fwrapv -O3 -Wall -target armv7a-linux-androideabi24 -fomit-frame-pointer -march=armv7-a -mfloat-abi=softfp -mfpu=vfp -mthumb -fPIC -I/home/admin/openclaw/workspace/loan-assistant/.buildozer/android/platform/build-arm64-v8a_armeabi-v7a/build/other_builds/python3/armeabi-v7a__ndk_target_24/python3/Include -DANDROID -I/home/admin/.buildozer/android/platform/android-ndk-r25b/toolchains/llvm/prebuilt/linux-x86_64/sysroot/usr/include -I/home/admin/openclaw/workspace/loan-assistant/.buildozer/android/platform/build-arm64-v8a_armeabi-v7a/build/python-installs/loanassistant/armeabi-v7a/include/python3.1 -fPIC -I/home/admin/openclaw/workspace/loan-assistant/.buildozer/android/platform/build-arm64-v8a_armeabi-v7a/build/other_builds/kivy/armeabi-v7a__ndk_target_24/kivy/kivy/include -INOTNONE/usr/include -I/home/admin/openclaw/workspace/loan-assistant/.buildozer/android/platform/build-arm64-v8a_armeabi-v7a/build/other_builds/hostpython3/desktop/hostpython3/Include -I/home/admin/openclaw/workspace/loan-assistant/.buildozer/android/platform/build-arm64-v8a_armeabi-v7a/build/other_builds/hostpython3/desktop/hostpython3/native-build -c /home/admin/openclaw/workspace/loan-assistant/.buildozer/android/platform/build-arm64-v8a_armeabi-v7a/build/other_builds/kivy/armeabi-v7a__ndk_target_24/kivy/kivy/graphics/cgl_backend/cgl_glew.c -o build/temp.linux-x86_64-3.11/home/admin/openclaw/workspace/loan-assistant/.buildozer/android/platform/build-arm64-v8a_armeabi-v7a/build/other_builds/kivy/armeabi-v7a__ndk_target_24/kivy/kivy/graphics/cgl_backend/cgl_glew.o
clang-14: error: no such file or directory: '/home/admin/openclaw/workspace/loan-assistant/.buildozer/android/platform/build-arm64-v8a_armeabi-v7a/build/other_builds/kivy/armeabi-v7a__ndk_target_24/kivy/kivy/graphics/vertex_instructions.c'
clang-14: error: no input files
clang-14: error: no such file or directory: '/home/admin/openclaw/workspace/loan-assistant/.buildozer/android/platform/build-arm64-v8a_armeabi-v7a/build/other_builds/kivy/armeabi-v7a__ndk_target_24/kivy/kivy/graphics/cgl_backend/cgl_mock.c'
clang-14: error: no input files
building 'kivy.graphics.cgl_backend.cgl_sdl2' extension
/home/admin/.buildozer/android/platform/android-ndk-r25b/toolchains/llvm/prebuilt/linux-x86_64/bin/clang -target armv7a-linux-androideabi24 -fomit-frame-pointer -march=armv7-a -mfloat-abi=softfp -mfpu=vfp -mthumb -fPIC -Wsign-compare -DNDEBUG -g -fwrapv -O3 -Wall -target armv7a-linux-androideabi24 -fomit-frame-pointer -march=armv7-a -mfloat-abi=softfp -mfpu=vfp -mthumb -fPIC -I/home/admin/openclaw/workspace/loan-assistant/.buildozer/android/platform/build-arm64-v8a_armeabi-v7a/build/other_builds/python3/armeabi-v7a__ndk_target_24/python3/Include -DANDROID -I/home/admin/.buildozer/android/platform/android-ndk-r25b/toolchains/llvm/prebuilt/linux-x86_64/sysroot/usr/include -I/home/admin/openclaw/workspace/loan-assistant/.buildozer/android/platform/build-arm64-v8a_armeabi-v7a/build/python-installs/loanassistant/armeabi-v7a/include/python3.1 -fPIC -I/home/admin/openclaw/workspace/loan-assistant/.buildozer/android/platform/build-arm64-v8a_armeabi-v7a/build/other_builds/kivy/armeabi-v7a__ndk_target_24/kivy/kivy/include -I/home/admin/openclaw/workspace/loan-assistant/.buildozer/android/platform/build-arm64-v8a_armeabi-v7a/build/other_builds/kivy/armeabi-v7a__ndk_target_24/kivy/kivy/include -I/home/admin/openclaw/workspace/loan-assistant/.buildozer/android/platform/build-arm64-v8a_armeabi-v7a/build/bootstrap_builds/sdl2/jni/SDL/include -I/home/admin/openclaw/workspace/loan-assistant/.buildozer/android/platform/build-arm64-v8a_armeabi-v7a/build/bootstrap_builds/sdl2/jni/SDL2_image/include -I/home/admin/openclaw/workspace/loan-assistant/.buildozer/android/platform/build-arm64-v8a_armeabi-v7a/build/bootstrap_builds/sdl2/jni/SDL2_mixer/include -I/home/admin/openclaw/workspace/loan-assistant/.buildozer/android/platform/build-arm64-v8a_armeabi-v7a/build/bootstrap_builds/sdl2/jni/SDL2_ttf -I/home/admin/openclaw/workspace/loan-assistant/.buildozer/android/platform/build-arm64-v8a_armeabi-v7a/build/other_builds/hostpython3/desktop/hostpython3/Include -I/home/admin/openclaw/workspace/loan-assistant/.buildozer/android/platform/build-arm64-v8a_armeabi-v7a/build/other_builds/hostpython3/desktop/hostpython3/native-build -c /home/admin/openclaw/workspace/loan-assistant/.buildozer/android/platform/build-arm64-v8a_armeabi-v7a/build/other_builds/kivy/armeabi-v7a__ndk_target_24/kivy/kivy/graphics/cgl_backend/cgl_sdl2.c -o build/temp.linux-x86_64-3.11/home/admin/openclaw/workspace/loan-assistant/.buildozer/android/platform/build-arm64-v8a_armeabi-v7a/build/other_builds/kivy/armeabi-v7a__ndk_target_24/kivy/kivy/graphics/cgl_backend/cgl_sdl2.o
clang-14: error: no such file or directory: '/home/admin/openclaw/workspace/loan-assistant/.buildozer/android/platform/build-arm64-v8a_armeabi-v7a/build/other_builds/kivy/armeabi-v7a__ndk_target_24/kivy/kivy/graphics/cgl_backend/cgl_gl.c'
clang-14: error: no input files
building 'kivy.graphics.cgl_backend.cgl_debug' extension
/home/admin/.buildozer/android/platform/android-ndk-r25b/toolchains/llvm/prebuilt/linux-x86_64/bin/clang -target armv7a-linux-androideabi24 -fomit-frame-pointer -march=armv7-a -mfloat-abi=softfp -mfpu=vfp -mthumb -fPIC -Wsign-compare -DNDEBUG -g -fwrapv -O3 -Wall -target armv7a-linux-androideabi24 -fomit-frame-pointer -march=armv7-a -mfloat-abi=softfp -mfpu=vfp -mthumb -fPIC -I/home/admin/openclaw/workspace/loan-assistant/.buildozer/android/platform/build-arm64-v8a_armeabi-v7a/build/other_builds/python3/armeabi-v7a__ndk_target_24/python3/Include -DANDROID -I/home/admin/.buildozer/android/platform/android-ndk-r25b/toolchains/llvm/prebuilt/linux-x86_64/sysroot/usr/include -I/home/admin/openclaw/workspace/loan-assistant/.buildozer/android/platform/build-arm64-v8a_armeabi-v7a/build/python-installs/loanassistant/armeabi-v7a/include/python3.1 -fPIC -I/home/admin/openclaw/workspace/loan-assistant/.buildozer/android/platform/build-arm64-v8a_armeabi-v7a/build/other_builds/kivy/armeabi-v7a__ndk_target_24/kivy/kivy/include -I/home/admin/openclaw/workspace/loan-assistant/.buildozer/android/platform/build-arm64-v8a_armeabi-v7a/build/other_builds/kivy/armeabi-v7a__ndk_target_24/kivy/kivy/include -I/home/admin/openclaw/workspace/loan-assistant/.buildozer/android/platform/build-arm64-v8a_armeabi-v7a/build/other_builds/hostpython3/desktop/hostpython3/Include -I/home/admin/openclaw/workspace/loan-assistant/.buildozer/android/platform/build-arm64-v8a_armeabi-v7a/build/other_builds/hostpython3/desktop/hostpython3/native-build -c /home/admin/openclaw/workspace/loan-assistant/.buildozer/android/platform/build-arm64-v8a_armeabi-v7a/build/other_builds/kivy/armeabi-v7a__ndk_target_24/kivy/kivy/graphics/cgl_backend/cgl_debug.c -o build/temp.linux-x86_64-3.11/home/admin/openclaw/workspace/loan-assistant/.buildozer/android/platform/build-arm64-v8a_armeabi-v7a/build/other_builds/kivy/armeabi-v7a__ndk_target_24/kivy/kivy/graphics/cgl_backend/cgl_debug.o
building 'kivy.core.text.text_layout' extension
creating build/temp.linux-x86_64-3.11/home/admin/openclaw/workspace/loan-assistant/.buildozer/android/platform/build-arm64-v8a_armeabi-v7a/build/other_builds/kivy/armeabi-v7a__ndk_target_24/kivy/kivy/core
creating build/temp.linux-x86_64-3.11/home/admin/openclaw/workspace/loan-assistant/.buildozer/android/platform/build-arm64-v8a_armeabi-v7a/build/other_builds/kivy/armeabi-v7a__ndk_target_24/kivy/kivy/core/text
/home/admin/.buildozer/android/platform/android-ndk-r25b/toolchains/llvm/prebuilt/linux-x86_64/bin/clang -target armv7a-linux-androideabi24 -fomit-frame-pointer -march=armv7-a -mfloat-abi=softfp -mfpu=vfp -mthumb -fPIC -Wsign-compare -DNDEBUG -g -fwrapv -O3 -Wall -target armv7a-linux-androideabi24 -fomit-frame-pointer -march=armv7-a -mfloat-abi=softfp -mfpu=vfp -mthumb -fPIC -I/home/admin/openclaw/workspace/loan-assistant/.buildozer/android/platform/build-arm64-v8a_armeabi-v7a/build/other_builds/python3/armeabi-v7a__ndk_target_24/python3/Include -DANDROID -I/home/admin/.buildozer/android/platform/android-ndk-r25b/toolchains/llvm/prebuilt/linux-x86_64/sysroot/usr/include -I/home/admin/openclaw/workspace/loan-assistant/.buildozer/android/platform/build-arm64-v8a_armeabi-v7a/build/python-installs/loanassistant/armeabi-v7a/include/python3.1 -fPIC -I/home/admin/openclaw/workspace/loan-assistant/.buildozer/android/platform/build-arm64-v8a_armeabi-v7a/build/other_builds/kivy/armeabi-v7a__ndk_target_24/kivy/kivy/include -I/home/admin/openclaw/workspace/loan-assistant/.buildozer/android/platform/build-arm64-v8a_armeabi-v7a/build/other_builds/hostpython3/desktop/hostpython3/Include -I/home/admin/openclaw/workspace/loan-assistant/.buildozer/android/platform/build-arm64-v8a_armeabi-v7a/build/other_builds/hostpython3/desktop/hostpython3/native-build -c /home/admin/openclaw/workspace/loan-assistant/.buildozer/android/platform/build-arm64-v8a_armeabi-v7a/build/other_builds/kivy/armeabi-v7a__ndk_target_24/kivy/kivy/core/text/text_layout.c -o build/temp.linux-x86_64-3.11/home/admin/openclaw/workspace/loan-assistant/.buildozer/android/platform/build-arm64-v8a_armeabi-v7a/build/other_builds/kivy/armeabi-v7a__ndk_target_24/kivy/kivy/core/text/text_layout.o
clang-14: error: no such file or directory: '/home/admin/openclaw/workspace/loan-assistant/.buildozer/android/platform/build-arm64-v8a_armeabi-v7a/build/other_builds/kivy/armeabi-v7a__ndk_target_24/kivy/kivy/graphics/cgl_backend/cgl_glew.c'
clang-14: error: no input files
building 'kivy.core.window.window_info' extension
creating build/temp.linux-x86_64-3.11/home/admin/openclaw/workspace/loan-assistant/.buildozer/android/platform/build-arm64-v8a_armeabi-v7a/build/other_builds/kivy/armeabi-v7a__ndk_target_24/kivy/kivy/core/window
/home/admin/.buildozer/android/platform/android-ndk-r25b/toolchains/llvm/prebuilt/linux-x86_64/bin/clang -target armv7a-linux-androideabi24 -fomit-frame-pointer -march=armv7-a -mfloat-abi=softfp -mfpu=vfp -mthumb -fPIC -Wsign-compare -DNDEBUG -g -fwrapv -O3 -Wall -target armv7a-linux-androideabi24 -fomit-frame-pointer -march=armv7-a -mfloat-abi=softfp -mfpu=vfp -mthumb -fPIC -I/home/admin/openclaw/workspace/loan-assistant/.buildozer/android/platform/build-arm64-v8a_armeabi-v7a/build/other_builds/python3/armeabi-v7a__ndk_target_24/python3/Include -DANDROID -I/home/admin/.buildozer/android/platform/android-ndk-r25b/toolchains/llvm/prebuilt/linux-x86_64/sysroot/usr/include -I/home/admin/openclaw/workspace/loan-assistant/.buildozer/android/platform/build-arm64-v8a_armeabi-v7a/build/python-installs/loanassistant/armeabi-v7a/include/python3.1 -fPIC -I/home/admin/openclaw/workspace/loan-assistant/.buildozer/android/platform/build-arm64-v8a_armeabi-v7a/build/other_builds/kivy/armeabi-v7a__ndk_target_24/kivy/kivy/include -I/home/admin/openclaw/workspace/loan-assistant/.buildozer/android/platform/build-arm64-v8a_armeabi-v7a/build/other_builds/hostpython3/desktop/hostpython3/Include -I/home/admin/openclaw/workspace/loan-assistant/.buildozer/android/platform/build-arm64-v8a_armeabi-v7a/build/other_builds/hostpython3/desktop/hostpython3/native-build -c /home/admin/openclaw/workspace/loan-assistant/.buildozer/android/platform/build-arm64-v8a_armeabi-v7a/build/other_builds/kivy/armeabi-v7a__ndk_target_24/kivy/kivy/core/window/window_info.c -o build/temp.linux-x86_64-3.11/home/admin/openclaw/workspace/loan-assistant/.buildozer/android/platform/build-arm64-v8a_armeabi-v7a/build/other_builds/kivy/armeabi-v7a__ndk_target_24/kivy/kivy/core/window/window_info.o
clang-14: error: no such file or directory: '/home/admin/openclaw/workspace/loan-assistant/.buildozer/android/platform/build-arm64-v8a_armeabi-v7a/build/other_builds/kivy/armeabi-v7a__ndk_target_24/kivy/kivy/graphics/cgl_backend/cgl_sdl2.c'
clang-14: error: no input files
building 'kivy.graphics.tesselator' extension
creating build/temp.linux-x86_64-3.11/home/admin/openclaw/workspace/loan-assistant/.buildozer/android/platform/build-arm64-v8a_armeabi-v7a/build/other_builds/kivy/armeabi-v7a__ndk_target_24/kivy/kivy/lib
creating build/temp.linux-x86_64-3.11/home/admin/openclaw/workspace/loan-assistant/.buildozer/android/platform/build-arm64-v8a_armeabi-v7a/build/other_builds/kivy/armeabi-v7a__ndk_target_24/kivy/kivy/lib/libtess2
creating build/temp.linux-x86_64-3.11/home/admin/openclaw/workspace/loan-assistant/.buildozer/android/platform/build-arm64-v8a_armeabi-v7a/build/other_builds/kivy/armeabi-v7a__ndk_target_24/kivy/kivy/lib/libtess2/Source
/home/admin/.buildozer/android/platform/android-ndk-r25b/toolchains/llvm/prebuilt/linux-x86_64/bin/clang -target armv7a-linux-androideabi24 -fomit-frame-pointer -march=armv7-a -mfloat-abi=softfp -mfpu=vfp -mthumb -fPIC -Wsign-compare -DNDEBUG -g -fwrapv -O3 -Wall -target armv7a-linux-androideabi24 -fomit-frame-pointer -march=armv7-a -mfloat-abi=softfp -mfpu=vfp -mthumb -fPIC -I/home/admin/openclaw/workspace/loan-assistant/.buildozer/android/platform/build-arm64-v8a_armeabi-v7a/build/other_builds/python3/armeabi-v7a__ndk_target_24/python3/Include -DANDROID -I/home/admin/.buildozer/android/platform/android-ndk-r25b/toolchains/llvm/prebuilt/linux-x86_64/sysroot/usr/include -I/home/admin/openclaw/workspace/loan-assistant/.buildozer/android/platform/build-arm64-v8a_armeabi-v7a/build/python-installs/loanassistant/armeabi-v7a/include/python3.1 -fPIC -I/home/admin/openclaw/workspace/loan-assistant/.buildozer/android/platform/build-arm64-v8a_armeabi-v7a/build/other_builds/kivy/armeabi-v7a__ndk_target_24/kivy/kivy/include -Ikivy/lib/libtess2/Include -I/home/admin/openclaw/workspace/loan-assistant/.buildozer/android/platform/build-arm64-v8a_armeabi-v7a/build/other_builds/hostpython3/desktop/hostpython3/Include -I/home/admin/openclaw/workspace/loan-assistant/.buildozer/android/platform/build-arm64-v8a_armeabi-v7a/build/other_builds/hostpython3/desktop/hostpython3/native-build -c /home/admin/openclaw/workspace/loan-assistant/.buildozer/android/platform/build-arm64-v8a_armeabi-v7a/build/other_builds/kivy/armeabi-v7a__ndk_target_24/kivy/kivy/graphics/tesselator.c -o build/temp.linux-x86_64-3.11/home/admin/openclaw/workspace/loan-assistant/.buildozer/android/platform/build-arm64-v8a_armeabi-v7a/build/other_builds/kivy/armeabi-v7a__ndk_target_24/kivy/kivy/graphics/tesselator.o
clang-14: error: no such file or directory: '/home/admin/openclaw/workspace/loan-assistant/.buildozer/android/platform/build-arm64-v8a_armeabi-v7a/build/other_builds/kivy/armeabi-v7a__ndk_target_24/kivy/kivy/graphics/cgl_backend/cgl_debug.c'
clang-14: error: no input files
building 'kivy.graphics.svg' extension
/home/admin/.buildozer/android/platform/android-ndk-r25b/toolchains/llvm/prebuilt/linux-x86_64/bin/clang -target armv7a-linux-androideabi24 -fomit-frame-pointer -march=armv7-a -mfloat-abi=softfp -mfpu=vfp -mthumb -fPIC -Wsign-compare -DNDEBUG -g -fwrapv -O3 -Wall -target armv7a-linux-androideabi24 -fomit-frame-pointer -march=armv7-a -mfloat-abi=softfp -mfpu=vfp -mthumb -fPIC -I/home/admin/openclaw/workspace/loan-assistant/.buildozer/android/platform/build-arm64-v8a_armeabi-v7a/build/other_builds/python3/armeabi-v7a__ndk_target_24/python3/Include -DANDROID -I/home/admin/.buildozer/android/platform/android-ndk-r25b/toolchains/llvm/prebuilt/linux-x86_64/sysroot/usr/include -I/home/admin/openclaw/workspace/loan-assistant/.buildozer/android/platform/build-arm64-v8a_armeabi-v7a/build/python-installs/loanassistant/armeabi-v7a/include/python3.1 -fPIC -I/home/admin/openclaw/workspace/loan-assistant/.buildozer/android/platform/build-arm64-v8a_armeabi-v7a/build/other_builds/kivy/armeabi-v7a__ndk_target_24/kivy/kivy/include -I/home/admin/openclaw/workspace/loan-assistant/.buildozer/android/platform/build-arm64-v8a_armeabi-v7a/build/other_builds/kivy/armeabi-v7a__ndk_target_24/kivy/kivy/include -I/home/admin/openclaw/workspace/loan-assistant/.buildozer/android/platform/build-arm64-v8a_armeabi-v7a/build/other_builds/hostpython3/desktop/hostpython3/Include -I/home/admin/openclaw/workspace/loan-assistant/.buildozer/android/platform/build-arm64-v8a_armeabi-v7a/build/other_builds/hostpython3/desktop/hostpython3/native-build -c /home/admin/openclaw/workspace/loan-assistant/.buildozer/android/platform/build-arm64-v8a_armeabi-v7a/build/other_builds/kivy/armeabi-v7a__ndk_target_24/kivy/kivy/graphics/svg.c -o build/temp.linux-x86_64-3.11/home/admin/openclaw/workspace/loan-assistant/.buildozer/android/platform/build-arm64-v8a_armeabi-v7a/build/other_builds/kivy/armeabi-v7a__ndk_target_24/kivy/kivy/graphics/svg.o
clang-14: error: no such file or directory: '/home/admin/openclaw/workspace/loan-assistant/.buildozer/android/platform/build-arm64-v8a_armeabi-v7a/build/other_builds/kivy/armeabi-v7a__ndk_target_24/kivy/kivy/core/window/window_info.c'
clang-14: error: no input files
clang-14: error: no such file or directory: '/home/admin/openclaw/workspace/loan-assistant/.buildozer/android/platform/build-arm64-v8a_armeabi-v7a/build/other_builds/kivy/armeabi-v7a__ndk_target_24/kivy/kivy/core/text/text_layout.c'
clang-14: error: no input files
building 'kivy.graphics.boxshadow' extension
/home/admin/.buildozer/android/platform/android-ndk-r25b/toolchains/llvm/prebuilt/linux-x86_64/bin/clang -target armv7a-linux-androideabi24 -fomit-frame-pointer -march=armv7-a -mfloat-abi=softfp -mfpu=vfp -mthumb -fPIC -Wsign-compare -DNDEBUG -g -fwrapv -O3 -Wall -target armv7a-linux-androideabi24 -fomit-frame-pointer -march=armv7-a -mfloat-abi=softfp -mfpu=vfp -mthumb -fPIC -I/home/admin/openclaw/workspace/loan-assistant/.buildozer/android/platform/build-arm64-v8a_armeabi-v7a/build/other_builds/python3/armeabi-v7a__ndk_target_24/python3/Include -DANDROID -I/home/admin/.buildozer/android/platform/android-ndk-r25b/toolchains/llvm/prebuilt/linux-x86_64/sysroot/usr/include -I/home/admin/openclaw/workspace/loan-assistant/.buildozer/android/platform/build-arm64-v8a_armeabi-v7a/build/python-installs/loanassistant/armeabi-v7a/include/python3.1 -fPIC -I/home/admin/openclaw/workspace/loan-assistant/.buildozer/android/platform/build-arm64-v8a_armeabi-v7a/build/other_builds/kivy/armeabi-v7a__ndk_target_24/kivy/kivy/include -I/home/admin/openclaw/workspace/loan-assistant/.buildozer/android/platform/build-arm64-v8a_armeabi-v7a/build/other_builds/kivy/armeabi-v7a__ndk_target_24/kivy/kivy/include -I/home/admin/openclaw/workspace/loan-assistant/.buildozer/android/platform/build-arm64-v8a_armeabi-v7a/build/other_builds/hostpython3/desktop/hostpython3/Include -I/home/admin/openclaw/workspace/loan-assistant/.buildozer/android/platform/build-arm64-v8a_armeabi-v7a/build/other_builds/hostpython3/desktop/hostpython3/native-build -c /home/admin/openclaw/workspace/loan-assistant/.buildozer/android/platform/build-arm64-v8a_armeabi-v7a/build/other_builds/kivy/armeabi-v7a__ndk_target_24/kivy/kivy/graphics/boxshadow.c -o build/temp.linux-x86_64-3.11/home/admin/openclaw/workspace/loan-assistant/.buildozer/android/platform/build-arm64-v8a_armeabi-v7a/build/other_builds/kivy/armeabi-v7a__ndk_target_24/kivy/kivy/graphics/boxshadow.o
building 'kivy.core.window._window_sdl2' extension
/home/admin/.buildozer/android/platform/android-ndk-r25b/toolchains/llvm/prebuilt/linux-x86_64/bin/clang -target armv7a-linux-androideabi24 -fomit-frame-pointer -march=armv7-a -mfloat-abi=softfp -mfpu=vfp -mthumb -fPIC -Wsign-compare -DNDEBUG -g -fwrapv -O3 -Wall -target armv7a-linux-androideabi24 -fomit-frame-pointer -march=armv7-a -mfloat-abi=softfp -mfpu=vfp -mthumb -fPIC -I/home/admin/openclaw/workspace/loan-assistant/.buildozer/android/platform/build-arm64-v8a_armeabi-v7a/build/other_builds/python3/armeabi-v7a__ndk_target_24/python3/Include -DANDROID -I/home/admin/.buildozer/android/platform/android-ndk-r25b/toolchains/llvm/prebuilt/linux-x86_64/sysroot/usr/include -I/home/admin/openclaw/workspace/loan-assistant/.buildozer/android/platform/build-arm64-v8a_armeabi-v7a/build/python-installs/loanassistant/armeabi-v7a/include/python3.1 -fPIC -I/home/admin/openclaw/workspace/loan-assistant/.buildozer/android/platform/build-arm64-v8a_armeabi-v7a/build/other_builds/kivy/armeabi-v7a__ndk_target_24/kivy/kivy/include -I/home/admin/openclaw/workspace/loan-assistant/.buildozer/android/platform/build-arm64-v8a_armeabi-v7a/build/bootstrap_builds/sdl2/jni/SDL/include -I/home/admin/openclaw/workspace/loan-assistant/.buildozer/android/platform/build-arm64-v8a_armeabi-v7a/build/bootstrap_builds/sdl2/jni/SDL2_image/include -I/home/admin/openclaw/workspace/loan-assistant/.buildozer/android/platform/build-arm64-v8a_armeabi-v7a/build/bootstrap_builds/sdl2/jni/SDL2_mixer/include -I/home/admin/openclaw/workspace/loan-assistant/.buildozer/android/platform/build-arm64-v8a_armeabi-v7a/build/bootstrap_builds/sdl2/jni/SDL2_ttf -I/home/admin/openclaw/workspace/loan-assistant/.buildozer/android/platform/build-arm64-v8a_armeabi-v7a/build/other_builds/hostpython3/desktop/hostpython3/Include -I/home/admin/openclaw/workspace/loan-assistant/.buildozer/android/platform/build-arm64-v8a_armeabi-v7a/build/other_builds/hostpython3/desktop/hostpython3/native-build -c /home/admin/openclaw/workspace/loan-assistant/.buildozer/android/platform/build-arm64-v8a_armeabi-v7a/build/other_builds/kivy/armeabi-v7a__ndk_target_24/kivy/kivy/core/window/_window_sdl2.c -o build/temp.linux-x86_64-3.11/home/admin/openclaw/workspace/loan-assistant/.buildozer/android/platform/build-arm64-v8a_armeabi-v7a/build/other_builds/kivy/armeabi-v7a__ndk_target_24/kivy/kivy/core/window/_window_sdl2.o
clang-14: error: no such file or directory: '/home/admin/openclaw/workspace/loan-assistant/.buildozer/android/platform/build-arm64-v8a_armeabi-v7a/build/other_builds/kivy/armeabi-v7a__ndk_target_24/kivy/kivy/graphics/tesselator.c'
clang-14: error: no input files
building 'kivy.core.image._img_sdl2' extension
creating build/temp.linux-x86_64-3.11/home/admin/openclaw/workspace/loan-assistant/.buildozer/android/platform/build-arm64-v8a_armeabi-v7a/build/other_builds/kivy/armeabi-v7a__ndk_target_24/kivy/kivy/core/image
/home/admin/.buildozer/android/platform/android-ndk-r25b/toolchains/llvm/prebuilt/linux-x86_64/bin/clang -target armv7a-linux-androideabi24 -fomit-frame-pointer -march=armv7-a -mfloat-abi=softfp -mfpu=vfp -mthumb -fPIC -Wsign-compare -DNDEBUG -g -fwrapv -O3 -Wall -target armv7a-linux-androideabi24 -fomit-frame-pointer -march=armv7-a -mfloat-abi=softfp -mfpu=vfp -mthumb -fPIC -I/home/admin/openclaw/workspace/loan-assistant/.buildozer/android/platform/build-arm64-v8a_armeabi-v7a/build/other_builds/python3/armeabi-v7a__ndk_target_24/python3/Include -DANDROID -I/home/admin/.buildozer/android/platform/android-ndk-r25b/toolchains/llvm/prebuilt/linux-x86_64/sysroot/usr/include -I/home/admin/openclaw/workspace/loan-assistant/.buildozer/android/platform/build-arm64-v8a_armeabi-v7a/build/python-installs/loanassistant/armeabi-v7a/include/python3.1 -fPIC -I/home/admin/openclaw/workspace/loan-assistant/.buildozer/android/platform/build-arm64-v8a_armeabi-v7a/build/other_builds/kivy/armeabi-v7a__ndk_target_24/kivy/kivy/include -I/home/admin/openclaw/workspace/loan-assistant/.buildozer/android/platform/build-arm64-v8a_armeabi-v7a/build/bootstrap_builds/sdl2/jni/SDL/include -I/home/admin/openclaw/workspace/loan-assistant/.buildozer/android/platform/build-arm64-v8a_armeabi-v7a/build/bootstrap_builds/sdl2/jni/SDL2_image/include -I/home/admin/openclaw/workspace/loan-assistant/.buildozer/android/platform/build-arm64-v8a_armeabi-v7a/build/bootstrap_builds/sdl2/jni/SDL2_mixer/include -I/home/admin/openclaw/workspace/loan-assistant/.buildozer/android/platform/build-arm64-v8a_armeabi-v7a/build/bootstrap_builds/sdl2/jni/SDL2_ttf -I/home/admin/openclaw/workspace/loan-assistant/.buildozer/android/platform/build-arm64-v8a_armeabi-v7a/build/other_builds/hostpython3/desktop/hostpython3/Include -I/home/admin/openclaw/workspace/loan-assistant/.buildozer/android/platform/build-arm64-v8a_armeabi-v7a/build/other_builds/hostpython3/desktop/hostpython3/native-build -c /home/admin/openclaw/workspace/loan-assistant/.buildozer/android/platform/build-arm64-v8a_armeabi-v7a/build/other_builds/kivy/armeabi-v7a__ndk_target_24/kivy/kivy/core/image/_img_sdl2.c -o build/temp.linux-x86_64-3.11/home/admin/openclaw/workspace/loan-assistant/.buildozer/android/platform/build-arm64-v8a_armeabi-v7a/build/other_builds/kivy/armeabi-v7a__ndk_target_24/kivy/kivy/core/image/_img_sdl2.o
clang-14: error: no such file or directory: '/home/admin/openclaw/workspace/loan-assistant/.buildozer/android/platform/build-arm64-v8a_armeabi-v7a/build/other_builds/kivy/armeabi-v7a__ndk_target_24/kivy/kivy/graphics/boxshadow.c'
clang-14: error: no input files
building 'kivy.core.text._text_sdl2' extension
/home/admin/.buildozer/android/platform/android-ndk-r25b/toolchains/llvm/prebuilt/linux-x86_64/bin/clang -target armv7a-linux-androideabi24 -fomit-frame-pointer -march=armv7-a -mfloat-abi=softfp -mfpu=vfp -mthumb -fPIC -Wsign-compare -DNDEBUG -g -fwrapv -O3 -Wall -target armv7a-linux-androideabi24 -fomit-frame-pointer -march=armv7-a -mfloat-abi=softfp -mfpu=vfp -mthumb -fPIC -I/home/admin/openclaw/workspace/loan-assistant/.buildozer/android/platform/build-arm64-v8a_armeabi-v7a/build/other_builds/python3/armeabi-v7a__ndk_target_24/python3/Include -DANDROID -I/home/admin/.buildozer/android/platform/android-ndk-r25b/toolchains/llvm/prebuilt/linux-x86_64/sysroot/usr/include -I/home/admin/openclaw/workspace/loan-assistant/.buildozer/android/platform/build-arm64-v8a_armeabi-v7a/build/python-installs/loanassistant/armeabi-v7a/include/python3.1 -fPIC -I/home/admin/openclaw/workspace/loan-assistant/.buildozer/android/platform/build-arm64-v8a_armeabi-v7a/build/other_builds/kivy/armeabi-v7a__ndk_target_24/kivy/kivy/include -I/home/admin/openclaw/workspace/loan-assistant/.buildozer/android/platform/build-arm64-v8a_armeabi-v7a/build/bootstrap_builds/sdl2/jni/SDL/include -I/home/admin/openclaw/workspace/loan-assistant/.buildozer/android/platform/build-arm64-v8a_armeabi-v7a/build/bootstrap_builds/sdl2/jni/SDL2_image/include -I/home/admin/openclaw/workspace/loan-assistant/.buildozer/android/platform/build-arm64-v8a_armeabi-v7a/build/bootstrap_builds/sdl2/jni/SDL2_mixer/include -I/home/admin/openclaw/workspace/loan-assistant/.buildozer/android/platform/build-arm64-v8a_armeabi-v7a/build/bootstrap_builds/sdl2/jni/SDL2_ttf -I/home/admin/openclaw/workspace/loan-assistant/.buildozer/android/platform/build-arm64-v8a_armeabi-v7a/build/other_builds/hostpython3/desktop/hostpython3/Include -I/home/admin/openclaw/workspace/loan-assistant/.buildozer/android/platform/build-arm64-v8a_armeabi-v7a/build/other_builds/hostpython3/desktop/hostpython3/native-build -c /home/admin/openclaw/workspace/loan-assistant/.buildozer/android/platform/build-arm64-v8a_armeabi-v7a/build/other_builds/kivy/armeabi-v7a__ndk_target_24/kivy/kivy/core/text/_text_sdl2.c -o build/temp.linux-x86_64-3.11/home/admin/openclaw/workspace/loan-assistant/.buildozer/android/platform/build-arm64-v8a_armeabi-v7a/build/other_builds/kivy/armeabi-v7a__ndk_target_24/kivy/kivy/core/text/_text_sdl2.o
clang-14: error: clang-14: error: no such file or directory: '/home/admin/openclaw/workspace/loan-assistant/.buildozer/android/platform/build-arm64-v8a_armeabi-v7a/build/other_builds/kivy/armeabi-v7a__ndk_target_24/kivy/kivy/graphics/svg.c'
clang-14: error: no input files
no such file or directory: '/home/admin/openclaw/workspace/loan-assistant/.buildozer/android/platform/build-arm64-v8a_armeabi-v7a/build/other_builds/kivy/armeabi-v7a__ndk_target_24/kivy/kivy/core/window/_window_sdl2.c'
clang-14: error: no input files
building 'kivy.core.audio.audio_sdl2' extension
creating build/temp.linux-x86_64-3.11/home/admin/openclaw/workspace/loan-assistant/.buildozer/android/platform/build-arm64-v8a_armeabi-v7a/build/other_builds/kivy/armeabi-v7a__ndk_target_24/kivy/kivy/core/audio
/home/admin/.buildozer/android/platform/android-ndk-r25b/toolchains/llvm/prebuilt/linux-x86_64/bin/clang -target armv7a-linux-androideabi24 -fomit-frame-pointer -march=armv7-a -mfloat-abi=softfp -mfpu=vfp -mthumb -fPIC -Wsign-compare -DNDEBUG -g -fwrapv -O3 -Wall -target armv7a-linux-androideabi24 -fomit-frame-pointer -march=armv7-a -mfloat-abi=softfp -mfpu=vfp -mthumb -fPIC -I/home/admin/openclaw/workspace/loan-assistant/.buildozer/android/platform/build-arm64-v8a_armeabi-v7a/build/other_builds/python3/armeabi-v7a__ndk_target_24/python3/Include -DANDROID -I/home/admin/.buildozer/android/platform/android-ndk-r25b/toolchains/llvm/prebuilt/linux-x86_64/sysroot/usr/include -I/home/admin/openclaw/workspace/loan-assistant/.buildozer/android/platform/build-arm64-v8a_armeabi-v7a/build/python-installs/loanassistant/armeabi-v7a/include/python3.1 -fPIC -I/home/admin/openclaw/workspace/loan-assistant/.buildozer/android/platform/build-arm64-v8a_armeabi-v7a/build/other_builds/kivy/armeabi-v7a__ndk_target_24/kivy/kivy/include -I/home/admin/openclaw/workspace/loan-assistant/.buildozer/android/platform/build-arm64-v8a_armeabi-v7a/build/bootstrap_builds/sdl2/jni/SDL/include -I/home/admin/openclaw/workspace/loan-assistant/.buildozer/android/platform/build-arm64-v8a_armeabi-v7a/build/bootstrap_builds/sdl2/jni/SDL2_image/include -I/home/admin/openclaw/workspace/loan-assistant/.buildozer/android/platform/build-arm64-v8a_armeabi-v7a/build/bootstrap_builds/sdl2/jni/SDL2_mixer/include -I/home/admin/openclaw/workspace/loan-assistant/.buildozer/android/platform/build-arm64-v8a_armeabi-v7a/build/bootstrap_builds/sdl2/jni/SDL2_ttf -I/home/admin/openclaw/workspace/loan-assistant/.buildozer/android/platform/build-arm64-v8a_armeabi-v7a/build/other_builds/hostpython3/desktop/hostpython3/Include -I/home/admin/openclaw/workspace/loan-assistant/.buildozer/android/platform/build-arm64-v8a_armeabi-v7a/build/other_builds/hostpython3/desktop/hostpython3/native-build -c /home/admin/openclaw/workspace/loan-assistant/.buildozer/android/platform/build-arm64-v8a_armeabi-v7a/build/other_builds/kivy/armeabi-v7a__ndk_target_24/kivy/kivy/core/audio/audio_sdl2.c -o build/temp.linux-x86_64-3.11/home/admin/openclaw/workspace/loan-assistant/.buildozer/android/platform/build-arm64-v8a_armeabi-v7a/build/other_builds/kivy/armeabi-v7a__ndk_target_24/kivy/kivy/core/audio/audio_sdl2.o
building 'kivy.core.clipboard._clipboard_sdl2' extension
creating build/temp.linux-x86_64-3.11/home/admin/openclaw/workspace/loan-assistant/.buildozer/android/platform/build-arm64-v8a_armeabi-v7a/build/other_builds/kivy/armeabi-v7a__ndk_target_24/kivy/kivy/core/clipboard
/home/admin/.buildozer/android/platform/android-ndk-r25b/toolchains/llvm/prebuilt/linux-x86_64/bin/clang -target armv7a-linux-androideabi24 -fomit-frame-pointer -march=armv7-a -mfloat-abi=softfp -mfpu=vfp -mthumb -fPIC -Wsign-compare -DNDEBUG -g -fwrapv -O3 -Wall -target armv7a-linux-androideabi24 -fomit-frame-pointer -march=armv7-a -mfloat-abi=softfp -mfpu=vfp -mthumb -fPIC -I/home/admin/openclaw/workspace/loan-assistant/.buildozer/android/platform/build-arm64-v8a_armeabi-v7a/build/other_builds/python3/armeabi-v7a__ndk_target_24/python3/Include -DANDROID -I/home/admin/.buildozer/android/platform/android-ndk-r25b/toolchains/llvm/prebuilt/linux-x86_64/sysroot/usr/include -I/home/admin/openclaw/workspace/loan-assistant/.buildozer/android/platform/build-arm64-v8a_armeabi-v7a/build/python-installs/loanassistant/armeabi-v7a/include/python3.1 -fPIC -I/home/admin/openclaw/workspace/loan-assistant/.buildozer/android/platform/build-arm64-v8a_armeabi-v7a/build/other_builds/kivy/armeabi-v7a__ndk_target_24/kivy/kivy/include -I/home/admin/openclaw/workspace/loan-assistant/.buildozer/android/platform/build-arm64-v8a_armeabi-v7a/build/bootstrap_builds/sdl2/jni/SDL/include -I/home/admin/openclaw/workspace/loan-assistant/.buildozer/android/platform/build-arm64-v8a_armeabi-v7a/build/bootstrap_builds/sdl2/jni/SDL2_image/include -I/home/admin/openclaw/workspace/loan-assistant/.buildozer/android/platform/build-arm64-v8a_armeabi-v7a/build/bootstrap_builds/sdl2/jni/SDL2_mixer/include -I/home/admin/openclaw/workspace/loan-assistant/.buildozer/android/platform/build-arm64-v8a_armeabi-v7a/build/bootstrap_builds/sdl2/jni/SDL2_ttf -I/home/admin/openclaw/workspace/loan-assistant/.buildozer/android/platform/build-arm64-v8a_armeabi-v7a/build/other_builds/hostpython3/desktop/hostpython3/Include -I/home/admin/openclaw/workspace/loan-assistant/.buildozer/android/platform/build-arm64-v8a_armeabi-v7a/build/other_builds/hostpython3/desktop/hostpython3/native-build -c /home/admin/openclaw/workspace/loan-assistant/.buildozer/android/platform/build-arm64-v8a_armeabi-v7a/build/other_builds/kivy/armeabi-v7a__ndk_target_24/kivy/kivy/core/clipboard/_clipboard_sdl2.c -o build/temp.linux-x86_64-3.11/home/admin/openclaw/workspace/loan-assistant/.buildozer/android/platform/build-arm64-v8a_armeabi-v7a/build/other_builds/kivy/armeabi-v7a__ndk_target_24/kivy/kivy/core/clipboard/_clipboard_sdl2.o
clang-14: error: no such file or directory: '/home/admin/openclaw/workspace/loan-assistant/.buildozer/android/platform/build-arm64-v8a_armeabi-v7a/build/other_builds/kivy/armeabi-v7a__ndk_target_24/kivy/kivy/core/image/_img_sdl2.c'
clang-14: error: no input files
clang-14: error: no such file or directory: '/home/admin/openclaw/workspace/loan-assistant/.buildozer/android/platform/build-arm64-v8a_armeabi-v7a/build/other_builds/kivy/armeabi-v7a__ndk_target_24/kivy/kivy/core/text/_text_sdl2.c'
clang-14: error: no input files
clang-14: error: no such file or directory: '/home/admin/openclaw/workspace/loan-assistant/.buildozer/android/platform/build-arm64-v8a_armeabi-v7a/build/other_builds/kivy/armeabi-v7a__ndk_target_24/kivy/kivy/core/audio/audio_sdl2.c'
clang-14: error: no input files
clang-14: error: no such file or directory: '/home/admin/openclaw/workspace/loan-assistant/.buildozer/android/platform/build-arm64-v8a_armeabi-v7a/build/other_builds/kivy/armeabi-v7a__ndk_target_24/kivy/kivy/core/clipboard/_clipboard_sdl2.c'
clang-14: error: no input files
 error: command '/home/admin/.buildozer/android/platform/android-ndk-r25b/toolchains/llvm/prebuilt/linux-x86_64/bin/clang' failed with exit code 1


  STDERR:

[1m[INFO][0m:    kivy first build failed (as expected)
[1m[INFO][0m:    Applied Python 3 compatibility fix to kivy/weakproxy.pyx
[1m[INFO][0m:    Running cython where appropriate
[1m[INFO][0m:    Cythonize kivy/_metrics.pyx
stty: 'standard input': Inappropriate ioctl for device
[1m[90m[DEBUG][39m[0m:   [90m->[0m running python3 -cimport sys; from Cython.Compiler.Main import setuptools_main; sys.exit(setuptools_main()); ./kivy/_metrics.pyx[0m
[1m[INFO][0m:    Cythonize kivy/weakproxy.pyx
stty: 'standard input': Inappropriate ioctl for device
[1m[90m[DEBUG][39m[0m:   [90m->[0m running python3 -cimport sys; from Cython.Compiler.Main import setuptools_main; sys.exit(setuptools_main()); ./kivy/weakproxy.pyx[0m
[1m[90m[DEBUG][39m[0m:   	warning: kivy/weakproxy.pyx:74:4: __nonzero__ was removed in Python 3; use __bool__ instead
[1m[INFO][0m:    Cythonize kivy/_event.pyx
stty: 'standard input': Inappropriate ioctl for device
[1m[90m[DEBUG][39m[0m:   [90m->[0m running python3 -cimport sys; from Cython.Compiler.Main import setuptools_main; sys.exit(setuptools_main()); ./kivy/_event.pyx[0m
[1m[INFO][0m:    Cythonize kivy/_clock.pyx
stty: 'standard input': Inappropriate ioctl for device
[1m[90m[DEBUG][39m[0m:   [90m->[0m running python3 -cimport sys; from Cython.Compiler.Main import setuptools_main; sys.exit(setuptools_main()); ./kivy/_clock.pyx[0m
[1m[INFO][0m:    Cythonize kivy/properties.pyx
stty: 'standard input': Inappropriate ioctl for device
[1m[90m[DEBUG][39m[0m:   [90m->[0m running python3 -cimport sys; from Cython.Compiler.Main import setuptools_main; sys.exit(setuptools_main()); ./kivy/properties.pyx[0m
[1m[INFO][0m:    Cythonize kivy/core/clipboard/_clipboard_sdl2.pyx
stty: 'standard input': Inappropriate ioctl for device
[1m[90m[DEBUG][39m[0m:   [90m->[0m running python3 -cimport sys; from Cython.Compiler.Main import setuptools_main; sys.exit(setuptools_main()); ./kivy/core/clipboard/_clipboard_sdl2.pyx[0m
[1m[90m[DEBUG][39m[0m:   	warning: kivy/core/clipboard/../../lib/sdl2.pxi:475:4: The 'IF' statement is deprecated and will be removed in a future Cython version. Consider using runtime conditions or C macros instead. See https://github.com/cython/cython/issues/4310
[1m[90m[DEBUG][39m[0m:   	warning: kivy/core/clipboard/../../lib/../core/window/window_attrs.pxi:3:0: The 'IF' statement is deprecated and will be removed in a future Cython version. Consider using runtime conditions or C macros instead. See https://github.com/cython/cython/issues/4310
[1m[90m[DEBUG][39m[0m:   	warning: kivy/core/clipboard/../../lib/../core/window/window_attrs.pxi:14:0: The 'IF' statement is deprecated and will be removed in a future Cython version. Consider using runtime conditions or C macros instead. See https://github.com/cython/cython/issues/4310
[1m[90m[DEBUG][39m[0m:   	warning: kivy/core/clipboard/../../lib/../core/window/window_attrs.pxi:24:0: The 'IF' statement is deprecated and will be removed in a future Cython version. Consider using runtime conditions or C macros instead. See https://github.com/cython/cython/issues/4310
[1m[90m[DEBUG][39m[0m:   	warning: kivy/core/clipboard/../../lib/sdl2.pxi:1060:4: The 'IF' statement is deprecated and will be removed in a future Cython version. Consider using runtime conditions or C macros instead. See https://github.com/cython/cython/issues/4310
[1m[90m[DEBUG][39m[0m:   	warning: kivy/core/clipboard/../../lib/sdl2.pxi:1068:4: The 'IF' statement is deprecated and will be removed in a future Cython version. Consider using runtime conditions or C macros instead. See https://github.com/cython/cython/issues/4310
[1m[90m[DEBUG][39m[0m:   	warning: kivy/core/clipboard/../../lib/sdl2.pxi:1077:4: The 'IF' statement is deprecated and will be removed in a future Cython version. Consider using runtime conditions or C macros instead. See https://github.com/cython/cython/issues/4310
[1m[INFO][0m:    Cythonize kivy/core/camera/camera_avfoundation.pyx
stty: 'standard input': Inappropriate ioctl for device
[1m[90m[DEBUG][39m[0m:   [90m->[0m running python3 -cimport sys; from Cython.Compiler.Main import setuptools_main; sys.exit(setuptools_main()); ./kivy/core/camera/camera_avfoundation.pyx[0m
[1m[INFO][0m:    Cythonize kivy/core/text/_text_sdl2.pyx
stty: 'standard input': Inappropriate ioctl for device
[1m[90m[DEBUG][39m[0m:   [90m->[0m running python3 -cimport sys; from Cython.Compiler.Main import setuptools_main; sys.exit(setuptools_main()); ./kivy/core/text/_text_sdl2.pyx[0m
[1m[90m[DEBUG][39m[0m:   	warning: kivy/core/text/../../lib/sdl2.pxi:475:4: The 'IF' statement is deprecated and will be removed in a future Cython version. Consider using runtime conditions or C macros instead. See https://github.com/cython/cython/issues/4310
[1m[90m[DEBUG][39m[0m:   	warning: kivy/core/text/../../lib/../core/window/window_attrs.pxi:3:0: The 'IF' statement is deprecated and will be removed in a future Cython version. Consider using runtime conditions or C macros instead. See https://github.com/cython/cython/issues/4310
[1m[90m[DEBUG][39m[0m:   	warning: kivy/core/text/../../lib/../core/window/window_attrs.pxi:14:0: The 'IF' statement is deprecated and will be removed in a future Cython version. Consider using runtime conditions or C macros instead. See https://github.com/cython/cython/issues/4310
[1m[90m[DEBUG][39m[0m:   	warning: kivy/core/text/../../lib/../core/window/window_attrs.pxi:24:0: The 'IF' statement is deprecated and will be removed in a future Cython version. Consider using runtime conditions or C macros instead. See https://github.com/cython/cython/issues/4310
[1m[90m[DEBUG][39m[0m:   	warning: kivy/core/text/../../lib/sdl2.pxi:1060:4: The 'IF' statement is deprecated and will be removed in a future Cython version. Consider using runtime conditions or C macros instead. See https://github.com/cython/cython/issues/4310
[1m[90m[DEBUG][39m[0m:   	warning: kivy/core/text/../../lib/sdl2.pxi:1068:4: The 'IF' statement is deprecated and will be removed in a future Cython version. Consider using runtime conditions or C macros instead. See https://github.com/cython/cython/issues/4310
[1m[90m[DEBUG][39m[0m:   	warning: kivy/core/text/../../lib/sdl2.pxi:1077:4: The 'IF' statement is deprecated and will be removed in a future Cython version. Consider using runtime conditions or C macros instead. See https://github.com/cython/cython/issues/4310
[1m[INFO][0m:    Cythonize kivy/core/text/_text_pango.pyx
stty: 'standard input': Inappropriate ioctl for device
[1m[90m[DEBUG][39m[0m:   [90m->[0m running python3 -cimport sys; from Cython.Compiler.Main import setuptools_main; sys.exit(setuptools_main()); ./kivy/core/text/_text_pango.pyx[0m
[1m[90m[DEBUG][39m[0m:   	warning: kivy/graphics/common.pxi:11:0: Assignment in pxd file will not be executed. Suggest declaring as const.
[1m[90m[DEBUG][39m[0m:   	performance hint: kivy/core/text/_text_pango.pyx:466:0: Exception check on '_render_layout' will always require the GIL to be acquired.
[1m[90m[DEBUG][39m[0m:   	Possible solutions:
[1m[90m[DEBUG][39m[0m:   		1. Declare '_render_layout' as 'noexcept' if you control the definition and you're sure you don't want the function to raise exceptions.
[1m[90m[DEBUG][39m[0m:   		2. Use an 'int' return type on '_render_layout' to allow an error code to be returned.
[1m[90m[DEBUG][39m[0m:   	performance hint: kivy/core/text/_text_pango.pyx:628:26: Exception check after calling '_render_layout' will always require the GIL to be acquired.
[1m[90m[DEBUG][39m[0m:   	Possible solutions:
[1m[90m[DEBUG][39m[0m:   		1. Declare '_render_layout' as 'noexcept' if you control the definition and you're sure you don't want the function to raise exceptions.
[1m[90m[DEBUG][39m[0m:   		2. Use an 'int' return type on '_render_layout' to allow an error code to be returned.
[1m[90m[DEBUG][39m[0m:   	performance hint: kivy/core/text/_text_pango.pyx:964:26: Exception check after calling '_render_layout' will always require the GIL to be acquired.
[1m[90m[DEBUG][39m[0m:   	Possible solutions:
[1m[90m[DEBUG][39m[0m:   		1. Declare '_render_layout' as 'noexcept' if you control the definition and you're sure you don't want the function to raise exceptions.
[1m[90m[DEBUG][39m[0m:   		2. Use an 'int' return type on '_render_layout' to allow an error code to be returned.
[1m[INFO][0m:    Cythonize kivy/core/text/text_layout.pyx
stty: 'standard input': Inappropriate ioctl for device
[1m[90m[DEBUG][39m[0m:   [90m->[0m running python3 -cimport sys; from Cython.Compiler.Main import setuptools_main; sys.exit(setuptools_main()); ./kivy/core/text/text_layout.pyx[0m
[1m[INFO][0m:    Cythonize kivy/core/window/window_info.pyx
stty: 'standard input': Inappropriate ioctl for device
[1m[90m[DEBUG][39m[0m:   [90m->[0m running python3 -cimport sys; from Cython.Compiler.Main import setuptools_main; sys.exit(setuptools_main()); ./kivy/core/window/window_info.pyx[0m
[1m[90m[DEBUG][39m[0m:   	warning: kivy/core/window/window_attrs.pxi:3:0: The 'IF' statement is deprecated and will be removed in a future Cython version. Consider using runtime conditions or C macros instead. See https://github.com/cython/cython/issues/4310
[1m[90m[DEBUG][39m[0m:   	warning: kivy/core/window/window_attrs.pxi:14:0: The 'IF' statement is deprecated and will be removed in a future Cython version. Consider using runtime conditions or C macros instead. See https://github.com/cython/cython/issues/4310
[1m[90m[DEBUG][39m[0m:   	warning: kivy/core/window/window_attrs.pxi:24:0: The 'IF' statement is deprecated and will be removed in a future Cython version. Consider using runtime conditions or C macros instead. See https://github.com/cython/cython/issues/4310
[1m[90m[DEBUG][39m[0m:   	warning: kivy/core/window/window_info.pxd:5:0: The 'IF' statement is deprecated and will be removed in a future Cython version. Consider using runtime conditions or C macros instead. See https://github.com/cython/cython/issues/4310
[1m[90m[DEBUG][39m[0m:   	warning: kivy/core/window/window_info.pxd:11:0: The 'IF' statement is deprecated and will be removed in a future Cython version. Consider using runtime conditions or C macros instead. See https://github.com/cython/cython/issues/4310
[1m[90m[DEBUG][39m[0m:   	warning: kivy/core/window/window_info.pxd:16:0: The 'IF' statement is deprecated and will be removed in a future Cython version. Consider using runtime conditions or C macros instead. See https://github.com/cython/cython/issues/4310
[1m[90m[DEBUG][39m[0m:   	warning: kivy/core/window/window_info.pyx:3:0: The 'IF' statement is deprecated and will be removed in a future Cython version. Consider using runtime conditions or C macros instead. See https://github.com/cython/cython/issues/4310
[1m[90m[DEBUG][39m[0m:   	warning: kivy/core/window/window_info.pyx:18:0: The 'IF' statement is deprecated and will be removed in a future Cython version. Consider using runtime conditions or C macros instead. See https://github.com/cython/cython/issues/4310
[1m[90m[DEBUG][39m[0m:   	warning: kivy/core/window/window_info.pyx:28:0: The 'IF' statement is deprecated and will be removed in a future Cython version. Consider using runtime conditions or C macros instead. See https://github.com/cython/cython/issues/4310
[1m[INFO][0m:    Cythonize kivy/core/window/_window_sdl2.pyx
stty: 'standard input': Inappropriate ioctl for device
[1m[90m[DEBUG][39m[0m:   [90m->[0m running python3 -cimport sys; from Cython.Compiler.Main import setuptools_main; sys.exit(setuptools_main()); ./kivy/core/window/_window_sdl2.pyx[0m
[1m[90m[DEBUG][39m[0m:   	warning: kivy/core/window/../../../kivy/lib/sdl2.pxi:475:4: The 'IF' statement is deprecated and will be removed in a future Cython version. Consider using runtime conditions or C macros instead. See https://github.com/cython/cython/issues/4310
[1m[90m[DEBUG][39m[0m:   	warning: kivy/core/window/../../../kivy/lib/../core/window/window_attrs.pxi:3:0: The 'IF' statement is deprecated and will be removed in a future Cython version. Consider using runtime conditions or C macros instead. See https://github.com/cython/cython/issues/4310
[1m[90m[DEBUG][39m[0m:   	warning: kivy/core/window/../../../kivy/lib/../core/window/window_attrs.pxi:14:0: The 'IF' statement is deprecated and will be removed in a future Cython version. Consider using runtime conditions or C macros instead. See https://github.com/cython/cython/issues/4310
[1m[90m[DEBUG][39m[0m:   	warning: kivy/core/window/../../../kivy/lib/../core/window/window_attrs.pxi:24:0: The 'IF' statement is deprecated and will be removed in a future Cython version. Consider using runtime conditions or C macros instead. See https://github.com/cython/cython/issues/4310
[1m[90m[DEBUG][39m[0m:   	warning: kivy/core/window/../../../kivy/lib/sdl2.pxi:1060:4: The 'IF' statement is deprecated and will be removed in a future Cython version. Consider using runtime conditions or C macros instead. See https://github.com/cython/cython/issues/4310
[1m[90m[DEBUG][39m[0m:   	warning: kivy/core/window/../../../kivy/lib/sdl2.pxi:1068:4: The 'IF' statement is deprecated and will be removed in a future Cython version. Consider using runtime conditions or C macros instead. See https://github.com/cython/cython/issues/4310
[1m[90m[DEBUG][39m[0m:   	warning: kivy/core/window/../../../kivy/lib/sdl2.pxi:1077:4: The 'IF' statement is deprecated and will be removed in a future Cython version. Consider using runtime conditions or C macros instead. See https://github.com/cython/cython/issues/4310
[1m[90m[DEBUG][39m[0m:   	warning: kivy/core/window/_window_sdl2.pyx:18:0: The 'IF' statement is deprecated and will be removed in a future Cython version. Consider using runtime conditions or C macros instead. See https://github.com/cython/cython/issues/4310
[1m[90m[DEBUG][39m[0m:   	warning: kivy/core/window/_window_sdl2.pyx:21:0: The 'IF' statement is deprecated and will be removed in a future Cython version. Consider using runtime conditions or C macros instead. See https://github.com/cython/cython/issues/4310
[1m[90m[DEBUG][39m[0m:   	warning: kivy/core/window/_window_sdl2.pyx:24:0: The 'IF' statement is deprecated and will be removed in a future Cython version. Consider using runtime conditions or C macros instead. See https://github.com/cython/cython/issues/4310
[1m[90m[DEBUG][39m[0m:   	warning: kivy/core/window/_window_sdl2.pyx:422:8: The 'IF' statement is deprecated and will be removed in a future Cython version. Consider using runtime conditions or C macros instead. See https://github.com/cython/cython/issues/4310
[1m[90m[DEBUG][39m[0m:   	warning: kivy/core/window/_window_sdl2.pyx:432:8: The 'IF' statement is deprecated and will be removed in a future Cython version. Consider using runtime conditions or C macros instead. See https://github.com/cython/cython/issues/4310
[1m[90m[DEBUG][39m[0m:   	warning: kivy/core/window/_window_sdl2.pyx:441:8: The 'IF' statement is deprecated and will be removed in a future Cython version. Consider using runtime conditions or C macros instead. See https://github.com/cython/cython/issues/4310
[1m[90m[DEBUG][39m[0m:   	warning: kivy/graphics/common.pxi:11:0: Assignment in pxd file will not be executed. Suggest declaring as const.
[1m[90m[DEBUG][39m[0m:   	performance hint: kivy/core/window/_window_sdl2.pyx:822:0: Exception check on 'custom_titlebar_handler_callback' will always require the GIL to be acquired. Declare 'custom_titlebar_handler_callback' as 'noexcept' if you control the definition and you're sure you don't want the function to raise exceptions.
[1m[INFO][0m:    Cythonize kivy/core/image/_img_sdl2.pyx
stty: 'standard input': Inappropriate ioctl for device
[1m[90m[DEBUG][39m[0m:   [90m->[0m running python3 -cimport sys; from Cython.Compiler.Main import setuptools_main; sys.exit(setuptools_main()); ./kivy/core/image/_img_sdl2.pyx[0m
[1m[90m[DEBUG][39m[0m:   	warning: kivy/core/image/../../lib/sdl2.pxi:475:4: The 'IF' statement is deprecated and will be removed in a future Cython version. Consider using runtime conditions or C macros instead. See https://github.com/cython/cython/issues/4310
[1m[90m[DEBUG][39m[0m:   	warning: kivy/core/image/../../lib/../core/window/window_attrs.pxi:3:0: The 'IF' statement is deprecated and will be removed in a future Cython version. Consider using runtime conditions or C macros instead. See https://github.com/cython/cython/issues/4310
[1m[90m[DEBUG][39m[0m:   	warning: kivy/core/image/../../lib/../core/window/window_attrs.pxi:14:0: The 'IF' statement is deprecated and will be removed in a future Cython version. Consider using runtime conditions or C macros instead. See https://github.com/cython/cython/issues/4310
[1m[90m[DEBUG][39m[0m:   	warning: kivy/core/image/../../lib/../core/window/window_attrs.pxi:24:0: The 'IF' statement is deprecated and will be removed in a future Cython version. Consider using runtime conditions or C macros instead. See https://github.com/cython/cython/issues/4310
[1m[90m[DEBUG][39m[0m:   	warning: kivy/core/image/../../lib/sdl2.pxi:1060:4: The 'IF' statement is deprecated and will be removed in a future Cython version. Consider using runtime conditions or C macros instead. See https://github.com/cython/cython/issues/4310
[1m[90m[DEBUG][39m[0m:   	warning: kivy/core/image/../../lib/sdl2.pxi:1068:4: The 'IF' statement is deprecated and will be removed in a future Cython version. Consider using runtime conditions or C macros instead. See https://github.com/cython/cython/issues/4310
[1m[90m[DEBUG][39m[0m:   	warning: kivy/core/image/../../lib/sdl2.pxi:1077:4: The 'IF' statement is deprecated and will be removed in a future Cython version. Consider using runtime conditions or C macros instead. See https://github.com/cython/cython/issues/4310
[1m[INFO][0m:    Cythonize kivy/core/image/img_imageio.pyx
stty: 'standard input': Inappropriate ioctl for device
[1m[90m[DEBUG][39m[0m:   [90m->[0m running python3 -cimport sys; from Cython.Compiler.Main import setuptools_main; sys.exit(setuptools_main()); ./kivy/core/image/img_imageio.pyx[0m
[1m[90m[DEBUG][39m[0m:   	performance hint: kivy/core/image/img_imageio.pyx:163:0: Exception check on 'c_load_image_data' will always require the GIL to be acquired.
[1m[90m[DEBUG][39m[0m:   	Possible solutions:
[1m[90m[DEBUG][39m[0m:   		1. Declare 'c_load_image_data' as 'noexcept' if you control the definition and you're sure you don't want the function to raise exceptions.
[1m[90m[DEBUG][39m[0m:   		2. Use an 'int' return type on 'c_load_image_data' to allow an error code to be returned.
[1m[INFO][0m:    Cythonize kivy/core/audio/audio_sdl2.pyx
stty: 'standard input': Inappropriate ioctl for device
[1m[90m[DEBUG][39m[0m:   [90m->[0m running python3 -cimport sys; from Cython.Compiler.Main import setuptools_main; sys.exit(setuptools_main()); ./kivy/core/audio/audio_sdl2.pyx[0m
[1m[90m[DEBUG][39m[0m:   	warning: kivy/core/audio/../../../kivy/lib/sdl2.pxi:475:4: The 'IF' statement is deprecated and will be removed in a future Cython version. Consider using runtime conditions or C macros instead. See https://github.com/cython/cython/issues/4310
[1m[90m[DEBUG][39m[0m:   	warning: kivy/core/audio/../../../kivy/lib/../core/window/window_attrs.pxi:3:0: The 'IF' statement is deprecated and will be removed in a future Cython version. Consider using runtime conditions or C macros instead. See https://github.com/cython/cython/issues/4310
[1m[90m[DEBUG][39m[0m:   	warning: kivy/core/audio/../../../kivy/lib/../core/window/window_attrs.pxi:14:0: The 'IF' statement is deprecated and will be removed in a future Cython version. Consider using runtime conditions or C macros instead. See https://github.com/cython/cython/issues/4310
[1m[90m[DEBUG][39m[0m:   	warning: kivy/core/audio/../../../kivy/lib/../core/window/window_attrs.pxi:24:0: The 'IF' statement is deprecated and will be removed in a future Cython version. Consider using runtime conditions or C macros instead. See https://github.com/cython/cython/issues/4310
[1m[90m[DEBUG][39m[0m:   	warning: kivy/core/audio/../../../kivy/lib/sdl2.pxi:1060:4: The 'IF' statement is deprecated and will be removed in a future Cython version. Consider using runtime conditions or C macros instead. See https://github.com/cython/cython/issues/4310
[1m[90m[DEBUG][39m[0m:   	warning: kivy/core/audio/../../../kivy/lib/sdl2.pxi:1068:4: The 'IF' statement is deprecated and will be removed in a future Cython version. Consider using runtime conditions or C macros instead. See https://github.com/cython/cython/issues/4310
[1m[90m[DEBUG][39m[0m:   	warning: kivy/core/audio/../../../kivy/lib/sdl2.pxi:1077:4: The 'IF' statement is deprecated and will be removed in a future Cython version. Consider using runtime conditions or C macros instead. See https://github.com/cython/cython/issues/4310
[1m[INFO][0m:    Cythonize kivy/graphics/stencil_instructions.pyx
stty: 'standard input': Inappropriate ioctl for device
[1m[90m[DEBUG][39m[0m:   [90m->[0m running python3 -cimport sys; from Cython.Compiler.Main import setuptools_main; sys.exit(setuptools_main()); ./kivy/graphics/stencil_instructions.pyx[0m
[1m[90m[DEBUG][39m[0m:   	warning: kivy/graphics/instructions.pxd:30:4: The 'IF' statement is deprecated and will be removed in a future Cython version. Consider using runtime conditions or C macros instead. See https://github.com/cython/cython/issues/4310
[1m[90m[DEBUG][39m[0m:   	warning: kivy/graphics/common.pxi:11:0: Assignment in pxd file will not be executed. Suggest declaring as const.
[1m[INFO][0m:    Cythonize kivy/graphics/opengl.pyx
stty: 'standard input': Inappropriate ioctl for device
[1m[90m[DEBUG][39m[0m:   [90m->[0m running python3 -cimport sys; from Cython.Compiler.Main import setuptools_main; sys.exit(setuptools_main()); ./kivy/graphics/opengl.pyx[0m
[1m[90m[DEBUG][39m[0m:   	warning: kivy/graphics/common.pxi:11:0: Assignment in pxd file will not be executed. Suggest declaring as const.
[1m[90m[DEBUG][39m[0m:   	
[1m[90m[DEBUG][39m[0m:   	Error compiling Cython file:
[1m[90m[DEBUG][39m[0m:   	------------------------------------------------------------
[1m[90m[DEBUG][39m[0m:   	...
[1m[90m[DEBUG][39m[0m:   	    <http://www.khronos.org/opengles/sdk/docs/man/xhtml/glDrawElements.xml>`_
[1m[90m[DEBUG][39m[0m:   	    '''
[1m[90m[DEBUG][39m[0m:   	    cdef void *ptr = NULL
[1m[90m[DEBUG][39m[0m:   	    if isinstance(indices, bytes):
[1m[90m[DEBUG][39m[0m:   	        ptr = <void *>(<char *>(<bytes>indices))
[1m[90m[DEBUG][39m[0m:   	    elif isinstance(indices, (long, int)):
[1m[90m[DEBUG][39m[0m:   	                              ^
[1m[90m[DEBUG][39m[0m:   	------------------------------------------------------------
[1m[90m[DEBUG][39m[0m:   	kivy/graphics/opengl.pyx:692:30: undeclared name not builtin: long
Exception in thread background thread for pid 275980:
Traceback (most recent call last):
  File "/usr/lib/python3.10/threading.py", line 1016, in _bootstrap_inner
    self.run()
  File "/usr/lib/python3.10/threading.py", line 953, in run
    self._target(*self._args, **self._kwargs)
  File "/home/admin/.local/lib/python3.10/site-packages/sh.py", line 1641, in wrap
    fn(*rgs, **kwargs)
  File "/home/admin/.local/lib/python3.10/site-packages/sh.py", line 2569, in background_thread
    handle_exit_code(exit_code)
  File "/home/admin/.local/lib/python3.10/site-packages/sh.py", line 2269, in fn
    return self.command.handle_command_exit_code(exit_code)
  File "/home/admin/.local/lib/python3.10/site-packages/sh.py", line 869, in handle_command_exit_code
    raise exc
sh.ErrorReturnCode_1: 

  RAN: /usr/bin/python3 '-cimport sys; from Cython.Compiler.Main import setuptools_main; sys.exit(setuptools_main());' ./kivy/graphics/opengl.pyx

  STDOUT:
warning: kivy/graphics/common.pxi:11:0: Assignment in pxd file will not be executed. Suggest declaring as const.

Error compiling Cython file:
------------------------------------------------------------
...
    <http://www.khronos.org/opengles/sdk/docs/man/xhtml/glDrawElements.xml>`_
    '''
    cdef void *ptr = NULL
    if isinstance(indices, bytes):
        ptr = <void *>(<char *>(<bytes>indices))
    elif isinstance(indices, (long, int)):
                              ^
------------------------------------------------------------
kivy/graphics/opengl.pyx:692:30: undeclared name not builtin: long


  STDERR:

Traceback (most recent call last):
  File "/usr/lib/python3.10/runpy.py", line 196, in _run_module_as_main
    return _run_code(code, main_globals, None,
  File "/usr/lib/python3.10/runpy.py", line 86, in _run_code
    exec(code, run_globals)
  File "/home/admin/openclaw/workspace/loan-assistant/.buildozer/android/platform/python-for-android/pythonforandroid/toolchain.py", line 1256, in <module>
    main()
  File "/home/admin/openclaw/workspace/loan-assistant/.buildozer/android/platform/python-for-android/pythonforandroid/entrypoints.py", line 18, in main
    ToolchainCL()
  File "/home/admin/openclaw/workspace/loan-assistant/.buildozer/android/platform/python-for-android/pythonforandroid/toolchain.py", line 685, in __init__
    getattr(self, command)(args)
  File "/home/admin/openclaw/workspace/loan-assistant/.buildozer/android/platform/python-for-android/pythonforandroid/toolchain.py", line 104, in wrapper_func
    build_dist_from_args(ctx, dist, args)
  File "/home/admin/openclaw/workspace/loan-assistant/.buildozer/android/platform/python-for-android/pythonforandroid/toolchain.py", line 163, in build_dist_from_args
    build_recipes(build_order, python_modules, ctx,
  File "/home/admin/openclaw/workspace/loan-assistant/.buildozer/android/platform/python-for-android/pythonforandroid/build.py", line 504, in build_recipes
    recipe.build_arch(arch)
  File "/home/admin/openclaw/workspace/loan-assistant/.buildozer/android/platform/python-for-android/pythonforandroid/recipe.py", line 1031, in build_arch
    self.build_cython_components(arch)
  File "/home/admin/openclaw/workspace/loan-assistant/.buildozer/android/platform/python-for-android/pythonforandroid/recipe.py", line 1056, in build_cython_components
    self.cythonize_build(env=env)
  File "/home/admin/openclaw/workspace/loan-assistant/.buildozer/android/platform/python-for-android/pythonforandroid/recipes/kivy/__init__.py", line 51, in cythonize_build
    super().cythonize_build(env, build_dir=build_dir)
  File "/home/admin/openclaw/workspace/loan-assistant/.buildozer/android/platform/python-for-android/pythonforandroid/recipe.py", line 1104, in cythonize_build
    self.cythonize_file(env, build_dir, join(root, filename))
  File "/home/admin/openclaw/workspace/loan-assistant/.buildozer/android/platform/python-for-android/pythonforandroid/recipes/kivy/__init__.py", line 72, in cythonize_file
    super().cythonize_file(env, build_dir, filename)
  File "/home/admin/openclaw/workspace/loan-assistant/.buildozer/android/platform/python-for-android/pythonforandroid/recipe.py", line 1093, in cythonize_file
    shprint(python_command, "-c"
  File "/home/admin/openclaw/workspace/loan-assistant/.buildozer/android/platform/python-for-android/pythonforandroid/logger.py", line 167, in shprint
    for line in output:
  File "/home/admin/.local/lib/python3.10/site-packages/sh.py", line 915, in next
    self.wait()
  File "/home/admin/.local/lib/python3.10/site-packages/sh.py", line 845, in wait
    self.handle_command_exit_code(exit_code)
  File "/home/admin/.local/lib/python3.10/site-packages/sh.py", line 869, in handle_command_exit_code
    raise exc
sh.ErrorReturnCode_1: 

  RAN: /usr/bin/python3 '-cimport sys; from Cython.Compiler.Main import setuptools_main; sys.exit(setuptools_main());' ./kivy/graphics/opengl.pyx

  STDOUT:
warning: kivy/graphics/common.pxi:11:0: Assignment in pxd file will not be executed. Suggest declaring as const.

Error compiling Cython file:
------------------------------------------------------------
...
    <http://www.khronos.org/opengles/sdk/docs/man/xhtml/glDrawElements.xml>`_
    '''
    cdef void *ptr = NULL
    if isinstance(indices, bytes):
        ptr = <void *>(<char *>(<bytes>indices))
    elif isinstance(indices, (long, int)):
                              ^
------------------------------------------------------------
kivy/graphics/opengl.pyx:692:30: undeclared name not builtin: long


  STDERR:


# Command failed: ['/usr/bin/python3', '-m', 'pythonforandroid.toolchain', 'create', '--dist_name=loanassistant', '--bootstrap=sdl2', '--requirements=python3,requests,beautifulsoup4,schedule,aiohttp,sqlite3,kivy,pyjnius,sdl2', '--arch=arm64-v8a', '--arch=armeabi-v7a', '--copy-libs', '--color=always', '--storage-dir=/home/admin/openclaw/workspace/loan-assistant/.buildozer/android/platform/build-arm64-v8a_armeabi-v7a', '--ndk-api=24', '--ignore-setup-py', '--debug']
# ENVIRONMENT:
#     SHELL = '/bin/bash'
#     SESSION_MANAGER = 'local/iZuf6ipfaj6sj36i4xv2qoZ:@/tmp/.ICE-unix/1654,unix/iZuf6ipfaj6sj36i4xv2qoZ:/tmp/.ICE-unix/1654'
#     QT_ACCESSIBILITY = '1'
#     XDG_CONFIG_DIRS = '/etc/xdg/xdg-ubuntu-xorg:/etc/xdg'
#     XDG_SESSION_PATH = '/org/freedesktop/DisplayManager/Session0'
#     NVM_INC = '/home/admin/.nvm/versions/node/v24.14.0/include/node'
#     XDG_MENU_PREFIX = 'gnome-'
#     GNOME_DESKTOP_SESSION_ID = 'this-is-deprecated'
#     GTK_IM_MODULE = 'ibus'
#     GNOME_SHELL_SESSION_MODE = 'ubuntu'
#     SSH_AUTH_SOCK = '/run/user/1000/keyring/ssh'
#     NODE_NO_WARNINGS = '1'
#     XMODIFIERS = '@im=ibus'
#     DESKTOP_SESSION = 'ubuntu-xorg'
#     SSH_AGENT_PID = '1548'
#     GTK_MODULES = 'gail:atk-bridge'
#     PWD = '/home/admin/openclaw/workspace/loan-assistant'
#     XDG_SESSION_DESKTOP = 'ubuntu:GNOME'
#     LOGNAME = 'admin'
#     XDG_SESSION_TYPE = 'x11'
#     GPG_AGENT_INFO = '/run/user/1000/gnupg/S.gpg-agent:0:1'
#     SYSTEMD_EXEC_PID = '2203'
#     VIPSHOME = '/target'
#     XAUTHORITY = '/tmp/xauth_RkinRn'
#     INTRA_CLOUD_ACCELERATION_REGION = 'cn-shanghai'
#     HOME = '/home/admin'
#     IM_CONFIG_PHASE = '1'
#     LANG = 'C.UTF-8'
#     XDG_CURRENT_DESKTOP = 'ubuntu:GNOME'
#     XDG_SEAT_PATH = '/org/freedesktop/DisplayManager/Seat0'
#     INVOCATION_ID = 'e15ba6e226ed498bac023d8f6aa5ca5b'
#     MANAGERPID = '1456'
#     NVM_DIR = '/home/admin/.nvm'
#     XDG_SESSION_CLASS = 'user'
#     OPENCLAW_GATEWAY_PORT = '18789'
#     USER = 'admin'
#     DISPLAY = ':1'
#     SHLVL = '0'
#     NVM_CD_FLAGS = ''
#     OPENCLAW_PATH_BOOTSTRAPPED = '1'
#     QT_IM_MODULE = 'ibus'
#     XDG_RUNTIME_DIR = '/run/user/1000'
#     JOURNAL_STREAM = '8:44599'
#     XDG_DATA_DIRS = '/usr/share/ubuntu-xorg:/usr/share/gnome:/usr/local/share:/usr/share:/var/lib/snapd/desktop'
#     PATH = '/home/admin/.buildozer/android/platform/apache-ant-1.9.4/bin:/home/admin/.nvm/versions/node/v24.14.0/bin:/usr/local/bin:/home/admin/.local/bin:/usr/bin:/bin'
#     OPENCLAW_NODE_OPTIONS_READY = '1'
#     DBUS_SESSION_BUS_ADDRESS = 'unix:path=/run/user/1000/bus'
#     NVM_BIN = '/home/admin/.nvm/versions/node/v24.14.0/bin'
#     OLDPWD = '/home/admin/openclaw/workspace'
#     _ = '/home/admin/.local/bin/buildozer'
#     PACKAGES_PATH = '/home/admin/.buildozer/android/packages'
#     ANDROIDSDK = '/home/admin/.buildozer/android/platform/android-sdk'
#     ANDROIDNDK = '/home/admin/.buildozer/android/platform/android-ndk-r25b'
#     ANDROIDAPI = '28'
#     ANDROIDMINAPI = '24'
# 
# Buildozer failed to execute the last command
# The error might be hidden in the log above this error
# Please read the full log, and search for it before
# raising an issue with buildozer itself.
# In case of a bug report, please add a full log with log_level = 2
